Key Indicators,2016-March,% Change from Same month 2015
Total Net Generation (Thousand MWh),303837,-6.40%
Residential Retail Price (cents/Kwh),12.58,1.90%
Retail Sales (Thousand MwH),282253,-6.80%
Heating Degree-Days,450,-23.60%
"Natural Gas Price, Henry Hub ($/mmBtu)",1.76,-38.70%
Coal Stocks (1000 tons),194309,25.40%
Coal Consumption (1000 tons),39923,-31.50%
Natural Gas Consumption (Mcf),772107,4.90%
Nuclear Net Generation (Thousand MWh),66149,2.50%
Nuclear Outages (MW),12202,-13.40%
