<?xml version="1.0"?>
<metadata xml:lang="en"><Esri><CreaDate>20071121</CreaDate><CreaTime>08545500</CreaTime><SyncOnce>FALSE</SyncOnce><SyncDate>20071121</SyncDate><SyncTime>11012200</SyncTime><ModDate>20071121</ModDate><ModTime>11012200</ModTime><MetaID>{39B5C6E0-A1CC-4756-8952-9786CBE6CF9A}</MetaID></Esri><idinfo><citation><citeinfo><onlink>http://www.eia.doe.gov/pub/oil_gas/natural_gas/analysis_publications/maps/maps.htm#Top</onlink><origin>Energy Information Administration</origin><pubdate>20070917</pubdate><title>Coalbed Methane Reserves (2006) and Cumulative Production (2006) by coal basin</title><ftname Sync="TRUE">CBMbasins_Reserv06_Prod06</ftname><geoform Sync="TRUE">vector digital data</geoform><pubinfo><publish>Energy Information Administration (EIA), Reserves and Production Division</publish><pubplace>Dallas, TX</pubplace></pubinfo></citeinfo></citation><native Sync="TRUE">Microsoft Windows XP Version 5.1 (Build 2600) Service Pack 2; ESRI ArcCatalog 9.2.2.1350</native><descript><langdata Sync="TRUE">en</langdata><abstract>Coalbed Methane (CBM) proved reserves and cumulative production by coal basin in the United States. 

Proved reserves are from the Energy Information Administration's (EIA) U.S. Crude Oil, Natural Gas, and Natural Gas Liquids Reserves, 2006 Annual Report. Proved reserves are the quantities of gas that geologic and engineering data demonstrate with reasonable certainty to be recoverable in future years from known reservoirs under existing economic and operating conditions. The absolute values of proved CBM reserves for the Wind River, Forest City and Illinois basins cannot be released for reasons of confidentiality. The absolute values of proved CBM reserves for the Piceance and Gulf Coast basins are not released due to inadequate reporting. These basins are reported as "0" in the RES_2006 attribute column. The RES_RNG_06 attribute was created to show what range those values are in.

Annual coalbed methane gas production data through 12/31/2006 was obtained from 17 state oil &amp; gas regulatory entities or geological surveys and one producing company. Data for 2006 were not yet available for West Virginia and Pennsylvania so the 2005 volumes were assumed to repeat in 2006. Produced CBM gas volumes from each state were classified by basin.</abstract><purpose>To compare CBM proved reserves and cumulative production by basin.</purpose><supplinf>Most of the basin polygons are based on John Tully's 1996 "Coal Fields of the United States" USGS publication OF-96-092 which is downloadable from the National Atlas (http://nationalatlas.gov/atlasftp.html). Multiple polygon rings with the same basin name were merged into one polygon recored per basin name. Note that many of the smaller basins are not named in this dataset. 

Some of the east coast basins (e.g. Danville, Culpepper) are based on the 1995-1996 USGS DDS-30, "NOGA Conventional plays within the Piedmont Province". 

Alaska basins are from coalbasin.e00, supplied by Paige Peapples of the Alaska Dept of Natural Resources. 

For the Uinta-Piceance Basin, a polygon from the USGS PP 1625-B study, "Geologic Asessment of Coal in the Colorado Plateau: AZ, CO, NM and UT" was substituted for the Tully polygon. For the Powder River and Williston Basins, the Tully polygons were replaced with ones from USGS PP 1625-A, "1999 Resource assessment of Selected Tertiary Coal Beds and zones in the N. Rocky Mountains &amp; Great Plain Region".


No warranty, expressed or implied, is made by the author, by Z Inc. or by EIA regarding data accuracy, precision, currency or completeness; or concerning the results to be obtained from queries or use of the data. All data is expressly provided "AS IS" and "WITH FAULTS". The purpose of this dataset is to show the approximate location of coalbed methane fields. This layer is based on well data provided by individual organizations and state entities, which was not checked for accuracy or completeness. No responsibility is assumed for damages or other liabilities due to the accuracy, availability, use or misuse of the information herein provided. The GIS data is made available as a public service. GIS information is in the public domain and may be copied without permission; citation of the source is appreciated.</supplinf></descript><timeperd><current>20051231</current><timeinfo><sngdate><caldate>20071120</caldate></sngdate></timeinfo></timeperd><status><progress>Complete</progress><update>As needed</update></status><spdom><bounding><westbc>-166.271418</westbc><eastbc>-75.410912</eastbc><northbc>71.064302</northbc><southbc>26.034014</southbc></bounding><lboundng><leftbc Sync="TRUE">-166.271418</leftbc><rightbc Sync="TRUE">-75.410912</rightbc><bottombc Sync="TRUE">26.034014</bottombc><topbc Sync="TRUE">71.064302</topbc></lboundng></spdom><keywords><theme><themekt>REQUIRED: Reference to a formally registered thesaurus or a similar authoritative source of theme keywords.</themekt><themekey>coalbed methane</themekey><themekey>natural gas</themekey><themekey>reserves</themekey><themekey>production</themekey></theme><theme><themekt>ISO 19115 Topic Category</themekt><themekey>coalbed</themekey><themekey>geoscientificInformation</themekey><themekey>naturalGas</themekey></theme><place><placekt>None</placekt><placekey>United States</placekey></place></keywords><accconst>None.</accconst><useconst>None. Please check sources, scale, accuracy, currentness and other available information. Please confirm that you are using the most recent copy of both data and metadata.  Acknowledgement of the EIA would be appreciated.</useconst><natvform Sync="TRUE">Shapefile</natvform><secinfo><secsys>FIPS Pub 199</secsys><secclass>No Confidentiality</secclass><sechandl>Standard Technical Controls</sechandl></secinfo><ptcontac><cntinfo><cntorgp><cntorg>Z, Inc. (contractor to Energy Information Administration)</cntorg><cntper>Sam Limerick</cntper></cntorgp><cntpos>GIS Analyst</cntpos><cntaddr><addrtype>mailing and physical address</addrtype><address>1999 Bryan St</address><address>ste 1110</address><city>Dallas</city><state>TX</state><postal>75201</postal></cntaddr><cntemail>samuel.limerick@eia.doe.gov</cntemail><cntinst>http://www.eia.doe.gov/</cntinst></cntinfo></ptcontac></idinfo><distInfo><distributor><distorTran><onLineSrc><linkage Sync="TRUE">file://\\BZQA\CoalBedMethane\2006_Update_wells_outlines\Shps_to_Distribute\Use These\CBMbasins_Reserv06_Prod06.shp</linkage><protocol Sync="TRUE">Local Area Network</protocol><orDesc Sync="TRUE">002</orDesc></onLineSrc><transSize Sync="TRUE">2.952</transSize></distorTran><distorFormat><formatName Sync="TRUE">Shapefile</formatName></distorFormat></distributor></distInfo><dataqual><lineage><procstep><procdesc>Dataset copied.</procdesc><srcused Sync="TRUE">D:\CoalBedMethane\USGS_CBM\Tully96study\USA_Wide_Coal_Basins\CoalBasins_mrg_6_23</srcused><date Sync="TRUE">20030626</date><time Sync="TRUE">16261200</time></procstep><procstep><procdesc>Dataset copied.</procdesc><srcused Sync="TRUE"></srcused><date Sync="TRUE">20070912</date><time Sync="TRUE">23131100</time></procstep><procstep><procdesc>Dataset copied.</procdesc><srcused Sync="TRUE"></srcused><date Sync="TRUE">20070913</date><time Sync="TRUE">09452600</time></procstep><procstep><procdesc Sync="TRUE">Dataset copied.</procdesc><srcused Sync="TRUE"></srcused><date Sync="TRUE">20071121</date><time Sync="TRUE">08545500</time></procstep></lineage><complete>Features represented have not been tested for completeness</complete><posacc><horizpa><horizpar>No accuracy tests were performed.</horizpar></horizpa></posacc></dataqual><dataIdInfo><envirDesc Sync="TRUE">Microsoft Windows XP Version 5.1 (Build 2600) Service Pack 2; ESRI ArcCatalog 9.2.2.1350</envirDesc><dataLang><languageCode Sync="TRUE" value="en"></languageCode></dataLang><idCitation><resTitle Sync="TRUE">CBMbasins_Reserv06_Prod06</resTitle><presForm><PresFormCd Sync="TRUE" value="005"></PresFormCd></presForm></idCitation><spatRpType><SpatRepTypCd Sync="TRUE" value="001"></SpatRepTypCd></spatRpType><dataExt><geoEle><GeoBndBox esriExtentType="native"><westBL Sync="TRUE">-166.271418</westBL><eastBL Sync="TRUE">-75.410912</eastBL><northBL Sync="TRUE">71.064302</northBL><southBL Sync="TRUE">26.034014</southBL><exTypeCode Sync="TRUE">1</exTypeCode></GeoBndBox></geoEle></dataExt><geoBox esriExtentType="decdegrees"><westBL Sync="TRUE">-166.271418</westBL><eastBL Sync="TRUE">-75.410912</eastBL><northBL Sync="TRUE">71.064302</northBL><southBL Sync="TRUE">26.034014</southBL><exTypeCode Sync="TRUE">1</exTypeCode></geoBox></dataIdInfo><metainfo><langmeta Sync="TRUE">en</langmeta><metstdn>FGDC Content Standards for Digital Geospatial Metadata</metstdn><metstdv>FGDC-STD-001-1998</metstdv><mettc Sync="TRUE">local time</mettc><metc><cntinfo><cntorgp><cntper>Sam Limerick</cntper><cntorg>Z, Inc. (contractor to Energy Information Administration)</cntorg></cntorgp><cntaddr><addrtype>mailing and physical address</addrtype><city>Dallas</city><state>TX</state><postal>75201</postal><address>1999 Bryan St</address><address>ste 1110</address></cntaddr><cntpos>GIS Analyst</cntpos><cntemail>samuel.limerick@eia.doe.gov</cntemail><cntinst>http://www.eia.doe.gov/</cntinst><cntvoice>775-825-0640</cntvoice></cntinfo></metc><metd>20070917</metd><metextns><onlink Sync="TRUE">http://www.esri.com/metadata/esriprof80.html</onlink><metprof Sync="TRUE">ESRI Metadata Profile</metprof></metextns></metainfo><mdLang><languageCode Sync="TRUE" value="en"></languageCode></mdLang><mdStanName Sync="TRUE">ISO 19115 Geographic Information - Metadata</mdStanName><mdStanVer Sync="TRUE">DIS_ESRI1.0</mdStanVer><mdChar><CharSetCd Sync="TRUE" value="004"></CharSetCd></mdChar><mdHrLv><ScopeCd Sync="TRUE" value="005"></ScopeCd></mdHrLv><mdHrLvName Sync="TRUE">dataset</mdHrLvName><distinfo><resdesc>Downloadable Data</resdesc><stdorder><digform><digtinfo><transize Sync="TRUE">2.952</transize><dssize Sync="TRUE">2.952</dssize></digtinfo></digform></stdorder><distrib><cntinfo><cntorgp><cntorg>Z, Inc (contractor to Energy Information Administration)</cntorg><cntper>Sam Limerick</cntper></cntorgp><cntpos>GIS Analyst</cntpos><cntaddr><addrtype>mailing and physical address</addrtype><address>1999 Bryan St</address><address>ste 1110</address><city>Dallas</city><state>TX</state><postal>75201</postal></cntaddr><cntemail>samuel.limerick@eia.doe.gov</cntemail><cntinst>http://www.eia.doe.gov/</cntinst><cntvoice>775-825-0640</cntvoice></cntinfo></distrib></distinfo><spdoinfo><direct Sync="TRUE">Vector</direct><ptvctinf><esriterm Name="CBMbasins_Reserv06_Prod06"><efeatyp Sync="TRUE">Simple</efeatyp><efeageom Sync="TRUE">Polygon</efeageom><esritopo Sync="TRUE">FALSE</esritopo><efeacnt Sync="TRUE">175</efeacnt><spindex Sync="TRUE">TRUE</spindex><linrefer Sync="TRUE">FALSE</linrefer></esriterm><sdtsterm Name="CBMbasins_Reserv06_Prod06"><sdtstype Sync="TRUE">G-polygon</sdtstype><ptvctcnt Sync="TRUE">175</ptvctcnt></sdtsterm></ptvctinf></spdoinfo><spref><horizsys><cordsysn><geogcsn Sync="TRUE">GCS_North_American_1927</geogcsn></cordsysn><geodetic><horizdn>North American Datum of 1927</horizdn><ellips>Clarke 1866</ellips><semiaxis>6378206.400000</semiaxis><denflat>294.978698</denflat></geodetic><geograph><geogunit>Decimal degrees</geogunit><latres>0.000001</latres><longres>0.000001</longres></geograph></horizsys></spref><refSysInfo><RefSystem><refSysID><identCode Sync="TRUE">GCS_North_American_1927</identCode></refSysID></RefSystem></refSysInfo><spatRepInfo><VectSpatRep><topLvl><TopoLevCd Sync="TRUE" value="001"></TopoLevCd></topLvl><geometObjs Name="CBMbasins_Reserv06_Prod06"><geoObjTyp><GeoObjTypCd Sync="TRUE" value="001"></GeoObjTypCd></geoObjTyp><geoObjCnt Sync="TRUE">175</geoObjCnt></geometObjs></VectSpatRep></spatRepInfo><eainfo><detailed Name="CBMbasins_Reserv06_Prod06"><enttyp><enttypl Sync="TRUE">CBMbasins_Reserv06_Prod06</enttypl><enttypt Sync="TRUE">Feature Class</enttypt><enttypc Sync="TRUE">175</enttypc></enttyp><attr><attrlabl Sync="TRUE">FID</attrlabl><attalias Sync="TRUE">FID</attalias><attrtype Sync="TRUE">OID</attrtype><attwidth Sync="TRUE">4</attwidth><atprecis Sync="TRUE">0</atprecis><attscale Sync="TRUE">0</attscale><attrdef Sync="TRUE">Internal feature number.</attrdef><attrdefs Sync="TRUE">ESRI</attrdefs><attrdomv><udom Sync="TRUE">Sequential unique whole numbers that are automatically generated.</udom></attrdomv></attr><attr><attrlabl Sync="TRUE">Shape</attrlabl><attalias Sync="TRUE">Shape</attalias><attrtype Sync="TRUE">Geometry</attrtype><attwidth Sync="TRUE">0</attwidth><atprecis Sync="TRUE">0</atprecis><attscale Sync="TRUE">0</attscale><attrdef Sync="TRUE">Feature geometry.</attrdef><attrdefs Sync="TRUE">ESRI</attrdefs><attrdomv><udom Sync="TRUE">Coordinates defining the features.</udom></attrdomv></attr><attr><attrlabl Sync="TRUE">BASIN_AREA</attrlabl><attalias Sync="TRUE">BASIN_AREA</attalias><attrtype Sync="TRUE">String</attrtype><attwidth Sync="TRUE">50</attwidth><attrdef>Coal basin, field, region or area</attrdef><attrdefs>USGS (Tully)</attrdefs></attr><attr><attrlabl Sync="TRUE">CUMPRD2006</attrlabl><attalias Sync="TRUE">CUMPRD2006</attalias><attrtype Sync="TRUE">Float</attrtype><attwidth Sync="TRUE">19</attwidth><atnumdec Sync="TRUE">11</atnumdec><attrdef>Cumulative CBM Gas production (BCF) per basin, 1980-2006</attrdef><attrdefs>Data from State oil and gas regulatory agencies</attrdefs></attr><attr><attrlabl Sync="TRUE">RES_2006</attrlabl><attalias Sync="TRUE">RES_2006</attalias><attrtype Sync="TRUE">Float</attrtype><attwidth Sync="TRUE">19</attwidth><atnumdec Sync="TRUE">11</atnumdec><attrdef>2006 CBM proved reserves by basin (BCF)</attrdef><attrdefs>EIA</attrdefs></attr><attr><attrlabl Sync="TRUE">RES_RNG_06</attrlabl><attalias Sync="TRUE">RES_RNG_06</attalias><attrtype Sync="TRUE">String</attrtype><attwidth Sync="TRUE">50</attwidth><attrdef>Range of 2006 CBM reserves per basin (BCF)</attrdef><attrdefs>EIA</attrdefs></attr></detailed><overview><eadetcit>The absolute values of proved CBM reserves for the Wind River, Forest City and Illinois basins cannot be released for reasons of confidentiality, and the absolute values of proved CBM reserves for Piceance and Gulf Coast basins are not released due to inadequate reporting.These 5  basins are reported as "0" in the RES_2006 attribute column. The RES_RNG_06 attribute was created to show what range those values are in.</eadetcit></overview></eainfo><mdDateSt Sync="TRUE">20071121</mdDateSt></metadata>
