<?xml version="1.0" encoding="ISO-8859-1"?>
<metadata>
	<idinfo>
		<citation>
			<citeinfo>
				<origin>Energy Information Administration</origin>
				<pubdate>20070917</pubdate>
				<title Sync="TRUE">CBMbasins_resources_2006</title>
				<geoform Sync="TRUE">vector digital data</geoform>
				<pubinfo>
					<pubplace>Dallas, TX</pubplace>
					<publish>Energy Information Administration (EIA), Reserves and Production Division</publish>
				</pubinfo>
				<onlink>http://www.eia.doe.gov/pub/oil_gas/natural_gas/analysis_publications/maps/maps.htm#Top</onlink>
				<ftname Sync="TRUE">CBMbasins_resources_2006</ftname></citeinfo>
		</citation>
		<descript>
			<abstract>Coalbed Methane (CBM) resources by coal basin in the United States.

Recoverable resource estimates of coalbed natural gas are those volumes which are potentially recoverable under existing and foreseen technological conditions. These assessments are estimated values for coalbed natural gas that have not yet been discovered or developed, and do not include proved reserves or cumulative production.

These CBM resource estimates are from Potential Supply of Natural Gas in the United States, Report of the Potential Gas Committee (PGC), 12/31/2006 (www.mines.edu/research/pga/index.html). The committee is comprised of volunteer experts from the gas industry, government, and academia.

The listed volumes are the sums by basin of the estimated most likely (modal) volumes of Probable plus Possible plus Speculative resources. It would be preferable to sum the estimated mean values rather than the estimated modal values, but the former are not provided for CBM. Units for the resource estimates are trillion cubic feet (TCF) of CBM gas.

The PGC report aggregates some basins for reporting purposes, and these basins are similary merged in the shapefile (e.g. all AK basins are combined;  Uinta, Piceance and Park are combined)</abstract>
			<purpose>To compare CBM resources by basin.</purpose>
			<supplinf>Most of the basin polygons are based on John Tully's 1996 "Coal Fields of the United States" USGS publication OF-96-092 which is downloadable from the National Atlas (http://nationalatlas.gov/atlasftp.html). Multiple polygon rings with the same basin name were merged into one polygon recored per basin name. Note that many of the smaller basins are not named in this dataset.

Some of the east coast basins (e.g. Danville, Culpepper) are based on the 1995-1996 USGS DDS-30, "NOGA Conventional plays within the Piedmont Province".

Alaska basins are from coalbasin.e00, supplied by Paige Peapples of the Alaska Dept of Natural Resources.

For the Uinta-Piceance Basin, a polygon from the USGS PP 1625-B study, "Geologic Asessment of Coal in the Colorado Plateau: AZ, CO, NM and UT" was substituted for the Tully polygon. For the Powder River and Williston Basins, the Tully polygons were replaced with ones from USGS PP 1625-A, "1999 Resource assessment of Selected Tertiary Coal Beds and zones in the N. Rocky Mountains &amp; Great Plain Region".

No warranty, expressed or implied, is made by the author, by Z Inc. or by EIA regarding data accuracy, precision, currency or completeness; or concerning the results to be obtained from queries or use of the data. All data is expressly provided "AS IS" and "WITH FAULTS". The purpose of this dataset is to show the approximate location of coalbed methane fields. This layer is based on well data provided by individual organizations and state entities, which was not checked for accuracy or completeness. No responsibility is assumed for damages or other liabilities due to the accuracy, availability, use or misuse of the information herein provided. The GIS data is made available as a public service. GIS information is in the public domain and may be copied without permission; citation of the source is appreciated.</supplinf>
			<langdata Sync="TRUE">en</langdata></descript>
		<timeperd>
			<timeinfo>
				<sngdate>
					<caldate>20070917</caldate>
				</sngdate>
			</timeinfo>
			<current>20051231</current>
		</timeperd>
		<status>
			<progress>Complete</progress>
			<update>As needed</update>
		</status>
		<spdom>
			<bounding>
				<westbc Sync="TRUE">-166.271418</westbc>
				<eastbc Sync="TRUE">-75.410912</eastbc>
				<northbc Sync="TRUE">71.064302</northbc>
				<southbc Sync="TRUE">26.034014</southbc>
			</bounding>
			<lboundng><leftbc Sync="TRUE">-166.271418</leftbc><rightbc Sync="TRUE">-75.410912</rightbc><bottombc Sync="TRUE">26.034014</bottombc><topbc Sync="TRUE">71.064302</topbc></lboundng></spdom>
		<keywords>
			<theme>
				<themekt>REQUIRED: Reference to a formally registered thesaurus or a similar authoritative source of theme keywords.</themekt>
				<themekey>coalbed methane</themekey>
				<themekey>natural gas</themekey>
				<themekey>resources</themekey>
			</theme>
			<theme>
				<themekt>ISO 19115 Topic Category</themekt>
				<themekey>coalbed</themekey>
				<themekey>geoscientificInformation</themekey>
				<themekey>naturalGas</themekey>
			</theme>
			<place>
				<placekt>None</placekt>
				<placekey>United States</placekey>
			</place>
		</keywords>
		<accconst>None.</accconst>
		<useconst>None. Please check sources, scale, accuracy, currentness and other available information. Please confirm that you are using the most recent copy of both data and metadata.  Acknowledgement of the EIA would be appreciated.</useconst>
		<ptcontac>
			<cntinfo>
				<cntorgp>
					<cntorg>Z, Inc (contractor to Energy Information Administration)</cntorg>
					<cntper>Sam Limerick</cntper>
				</cntorgp>
				<cntpos>GIS Analyst</cntpos>
				<cntaddr>
					<addrtype>mailing and physical address</addrtype>
					<address>1999 Bryan St</address>
					<address>ste 1110</address>
					<city>Dallas</city>
					<state>TX</state>
					<postal>75201</postal>
				</cntaddr>
				<cntemail>samuel.limerick@eia.doe.gov</cntemail>
				<cntinst>http://www.eia.doe.gov/</cntinst>
				<cntvoice>775-825-0640)</cntvoice></cntinfo>
		</ptcontac>
		<secinfo>
			<secsys>FIPS Pub 199</secsys>
			<secclass>No Confidentiality</secclass>
			<sechandl>Standard Technical Controls</sechandl>
		</secinfo>
		<native Sync="TRUE">Microsoft Windows XP Version 5.1 (Build 2600) Service Pack 2; ESRI ArcCatalog 9.2.2.1350</native>
		<natvform Sync="TRUE">Shapefile</natvform></idinfo>
	<dataqual>
		<complete>Features represented have not been tested for completeness</complete>
		<posacc>
			<horizpa>
				<horizpar>No accuracy tests were performed.</horizpar>
			</horizpa>
		</posacc>
		<lineage>
			<procstep>
				<procdesc>Dataset copied.</procdesc>
				<srcused>D:\CoalBedMethane\USGS_CBM\Tully96study\USA_Wide_Coal_Basins\CoalBasins_mrg_6_23</srcused>
			</procstep>
			<procstep>
				<procdesc>Dataset copied.</procdesc>
				<srcused></srcused>
			</procstep>
			<procstep>
				<procdesc>Dataset copied.</procdesc>
				<srcused></srcused>
			</procstep>
			<procstep>
				<procdesc>Metadata imported.</procdesc>
				<srcused>C:\DOCUME~1\slk\LOCALS~1\Temp\xml1C.tmp</srcused>
			</procstep>
			<procstep><procdesc Sync="TRUE">Metadata imported.</procdesc><srcused Sync="TRUE">C:\DOCUME~1\slk\LOCALS~1\Temp\xml6D.tmp</srcused><date Sync="TRUE">20070929</date><time Sync="TRUE">23560400</time></procstep></lineage>
	</dataqual>
	<spdoinfo>
		<direct Sync="TRUE">Vector</direct>
		<ptvctinf>
			<sdtsterm Name="CBMbasins_resources_2006">
				<sdtstype Sync="TRUE">G-polygon</sdtstype>
				<ptvctcnt Sync="TRUE">142</ptvctcnt>
			</sdtsterm>
			<esriterm Name="CBMbasins_resources_2006"><efeatyp Sync="TRUE">Simple</efeatyp><efeageom Sync="TRUE">Polygon</efeageom><esritopo Sync="TRUE">FALSE</esritopo><efeacnt Sync="TRUE">142</efeacnt><spindex Sync="TRUE">TRUE</spindex><linrefer Sync="TRUE">FALSE</linrefer></esriterm></ptvctinf>
	</spdoinfo>
	<spref>
		<horizsys>
			<geograph>
				<latres Sync="TRUE">0.000000</latres>
				<longres Sync="TRUE">0.000000</longres>
				<geogunit Sync="TRUE">Decimal degrees</geogunit>
			</geograph>
			<geodetic>
				<horizdn Sync="TRUE">North American Datum of 1927</horizdn>
				<ellips Sync="TRUE">Clarke 1866</ellips>
				<semiaxis Sync="TRUE">6378206.400000</semiaxis>
				<denflat Sync="TRUE">294.978698</denflat>
			</geodetic>
			<cordsysn><geogcsn Sync="TRUE">GCS_North_American_1927</geogcsn></cordsysn></horizsys>
	</spref>
	<eainfo>
		<detailed Name="CBMbasins_resources_2006">
			<enttyp>
				<enttypl Sync="TRUE">CBMbasins_resources_2006</enttypl>
				<enttypt Sync="TRUE">Feature Class</enttypt><enttypc Sync="TRUE">142</enttypc></enttyp>
			<attr>
				<attrlabl>FID</attrlabl>
				<attrdef>Internal feature number.</attrdef>
				<attrdefs>ESRI</attrdefs>
				<attrdomv>
					<udom>Sequential unique whole numbers that are automatically generated.</udom>
				</attrdomv>
			</attr>
			<attr>
				<attrlabl>Shape</attrlabl>
				<attrdef>Feature geometry.</attrdef>
				<attrdefs>ESRI</attrdefs>
				<attrdomv>
					<udom>Coordinates defining the features.</udom>
				</attrdomv>
			</attr>
			<attr>
				<attrlabl>BASIN_AREA</attrlabl>
				<attrdef>Coal basin, field, region or area</attrdef>
				<attrtype Sync="TRUE">Float</attrtype><attwidth Sync="TRUE">19</attwidth><atnumdec Sync="TRUE">11</atnumdec></attr>
			<attr>
				<attrlabl>RSC_04_TCF</attrlabl>
				<attrdef>2004 CBM resources (TCF gas) per basin</attrdef>
				<attrdefs>Potential Gas Committe, 2004</attrdefs>
				<attrtype Sync="TRUE">String</attrtype><attwidth Sync="TRUE">30</attwidth></attr>
			<attr><attrlabl Sync="TRUE">RSC_06_TCF</attrlabl><attalias Sync="TRUE">RSC_06_TCF</attalias><attrtype Sync="TRUE">Float</attrtype><attwidth Sync="TRUE">19</attwidth><atnumdec Sync="TRUE">11</atnumdec><attrdef>2006 CBM resources (TCF gas) per basin</attrdef><attrdefs>Potential Gas Committe, 2006</attrdefs></attr></detailed>
		<overview>
			<eadetcit>Citation 1</eadetcit>
		</overview>
	</eainfo>
	<distinfo>
		<distrib>
			<cntinfo>
				<cntorgp>
					<cntorg>Z, Inc. (contractor to Energy Information Administration)</cntorg>
					<cntper>Sam Limerick</cntper>
				</cntorgp>
				<cntpos>GIS Analyst</cntpos>
				<cntaddr>
					<addrtype>mailing and physical address</addrtype>
					<address>1999 Bryan St</address>
					<address>ste 1110</address>
					<city>Dallas</city>
					<state>TX</state>
					<postal>75201</postal>
				</cntaddr>
				<cntemail>samuel.limerick@eia.doe.gov</cntemail>
				<cntinst>http://www.eia.doe.gov/</cntinst>
			</cntinfo>
		</distrib>
		<resdesc>Downloadable Data</resdesc>
		<stdorder>
			<digform>
				<digtinfo>
					<transize>2.952</transize>
					<dssize Sync="TRUE">2.964</dssize></digtinfo>
			</digform>
		</stdorder>
	</distinfo>
	<metainfo>
		<metd Sync="TRUE">20071121</metd>
		<metc>
			<cntinfo>
				<cntorgp>
					<cntorg>Z, Inc (contractor to Energy Information Administration)</cntorg>
					<cntper>Sam Limerick</cntper>
				</cntorgp>
				<cntpos>GIS Analyst</cntpos>
				<cntaddr>
					<addrtype>mailing and physical address</addrtype>
					<address>1999 Bryan St</address>
					<address>ste 1110</address>
					<city>Dallas</city>
					<state>TX</state>
					<postal>75201</postal>
				</cntaddr>
				<cntvoice>775-825-0640.</cntvoice>
				<cntemail>samuel.limerick@eia.doe.gov</cntemail>
				<cntinst>http://www.eia.doe.gov/</cntinst>
			</cntinfo>
		</metc>
		<metstdn Sync="TRUE">FGDC Content Standards for Digital Geospatial Metadata</metstdn>
		<metstdv Sync="TRUE">FGDC-STD-001-1998</metstdv>
		<mettc Sync="TRUE">local time</mettc>
		<metextns>
			<onlink>http://www.esri.com/metadata/esriprof80.html</onlink>
			<metprof>ESRI Metadata Profile</metprof>
		</metextns>
		<metextns>
			<onlink>http://www.esri.com/metadata/esriprof80.html</onlink>
			<metprof>ESRI Metadata Profile</metprof>
		</metextns>
		<langmeta Sync="TRUE">en</langmeta><metextns><onlink Sync="TRUE">http://www.esri.com/metadata/esriprof80.html</onlink><metprof Sync="TRUE">ESRI Metadata Profile</metprof></metextns></metainfo>
	<Esri><MetaID>{44164583-7483-46B3-BA67-B9CB9C287FDC}</MetaID><CreaDate>20070929</CreaDate><CreaTime>23560400</CreaTime><SyncOnce>FALSE</SyncOnce><SyncDate>20071121</SyncDate><SyncTime>11012000</SyncTime><ModDate>20071121</ModDate><ModTime>11012000</ModTime></Esri><dataIdInfo><envirDesc Sync="TRUE">Microsoft Windows XP Version 5.1 (Build 2600) Service Pack 2; ESRI ArcCatalog 9.2.2.1350</envirDesc><dataLang><languageCode Sync="TRUE" value="en"></languageCode></dataLang><idCitation><resTitle Sync="TRUE">CBMbasins_resources_2006</resTitle><presForm><PresFormCd Sync="TRUE" value="005"></PresFormCd></presForm></idCitation><spatRpType><SpatRepTypCd Sync="TRUE" value="001"></SpatRepTypCd></spatRpType><dataExt><geoEle><GeoBndBox esriExtentType="native"><westBL Sync="TRUE">-166.271418</westBL><eastBL Sync="TRUE">-75.410912</eastBL><northBL Sync="TRUE">71.064302</northBL><southBL Sync="TRUE">26.034014</southBL><exTypeCode Sync="TRUE">1</exTypeCode></GeoBndBox></geoEle></dataExt><geoBox esriExtentType="decdegrees"><westBL Sync="TRUE">-166.271418</westBL><eastBL Sync="TRUE">-75.410912</eastBL><northBL Sync="TRUE">71.064302</northBL><southBL Sync="TRUE">26.034014</southBL><exTypeCode Sync="TRUE">1</exTypeCode></geoBox></dataIdInfo><mdLang><languageCode Sync="TRUE" value="en"></languageCode></mdLang><mdStanName Sync="TRUE">ISO 19115 Geographic Information - Metadata</mdStanName><mdStanVer Sync="TRUE">DIS_ESRI1.0</mdStanVer><mdChar><CharSetCd Sync="TRUE" value="004"></CharSetCd></mdChar><mdHrLv><ScopeCd Sync="TRUE" value="005"></ScopeCd></mdHrLv><mdHrLvName Sync="TRUE">dataset</mdHrLvName><distInfo><distributor><distorTran><onLineSrc><orDesc Sync="TRUE">002</orDesc><linkage Sync="TRUE">file://\\BZQA\CoalBedMethane\2006_Update_wells_outlines\Shps_to_Distribute\Use These\CBMbasins_resources_2006.shp</linkage><protocol Sync="TRUE">Local Area Network</protocol></onLineSrc><transSize Sync="TRUE">2.964</transSize></distorTran><distorFormat><formatName Sync="TRUE">Shapefile</formatName></distorFormat></distributor></distInfo><refSysInfo><RefSystem><refSysID><identCode Sync="TRUE">GCS_North_American_1927</identCode></refSysID></RefSystem></refSysInfo><spatRepInfo><VectSpatRep><topLvl><TopoLevCd Sync="TRUE" value="001"></TopoLevCd></topLvl><geometObjs Name="CBMbasins_resources_2006"><geoObjTyp><GeoObjTypCd Sync="TRUE" value="001"></GeoObjTypCd></geoObjTyp><geoObjCnt Sync="TRUE">142</geoObjCnt></geometObjs></VectSpatRep></spatRepInfo><mdDateSt Sync="TRUE">20071121</mdDateSt></metadata>
