<?xml version="1.0"?>
<metadata xml:lang="en"><Esri><CreaDate>20070912</CreaDate><CreaTime>23044500</CreaTime><SyncOnce>FALSE</SyncOnce><SyncDate>20071121</SyncDate><SyncTime>11011700</SyncTime><ModDate>20071121</ModDate><ModTime>11011700</ModTime><DataProperties><lineage><Process Name="Merge_1" ToolSource="C:\Program Files\ArcGIS\ArcToolbox\Toolboxes\Data Management Tools.tbx\Merge" Date="20070627" Time="190440">Merge CMM_all_2007srt;CBM_CO_Merge C:\CoalBedMethane\2006_Update_wells_outlines\ToMerge\CBM_all_2007.shp "field field true false false 30 Text 0 0 ,First,#,CMM_all_2007srt,field,-1,-1,CBM_CO_Merge,field,-1,-1;state state true false false 2 Text 0 0 ,First,#,CMM_all_2007srt,state,-1,-1,CBM_CO_Merge,state,-1,-1;basin basin true false false 20 Text 0 0 ,First,#,CMM_all_2007srt,basin,-1,-1,CBM_CO_Merge,basin,-1,-1;ET_ID ET_ID true false false 9 Long 0 9 ,First,#,CMM_all_2007srt,ET_ID,-1,-1"</Process></lineage></DataProperties><MetaID>{D3B1634F-B4DB-465B-84B0-B4899376D319}</MetaID></Esri><idinfo><native Sync="TRUE">Microsoft Windows XP Version 5.1 (Build 2600) Service Pack 2; ESRI ArcCatalog 9.2.2.1350</native><descript><langdata Sync="TRUE">en</langdata><abstract>This dataset is field boundary polygons of Coalbed Methane (CBM) based on producing wells in the USA. Field outline polygons were created by buffering wells from each field.  Buffered well polygons from each field were then unioned into a single polygon record (may contain multiple rings). A smoothing algorithm was applied to the polygons.</abstract><purpose>This dataset was developed in order to make a map showing the location of CBM fields in the US.</purpose><supplinf>This CBM field outline polygon layer was created to represent a very approximate area of CBM gas production from well point data. This was done as a portion of a project entitled "US Coalbed Methane" by the EIA. 

Data source for the wells is digital well files from 17 state entities (oil &amp; gas commissions or geological surveys) plus the USGS (for VA),  and 2 private companies (Torrent Energy for OR, BPI for IL).   Wells were edited to include only CBM producers and to verify/ standardize field names. Unnamed fields were given "wildcat" names based on their counties, e.g " WC LOGAN CO-1". 

In most of the states where CBM production is well established, the well files are clear in differentiating drilled wells from permitted locations, and producing wells from dry tests. However, in states where commercial producdtion is not yet clearly established (e.g. IL or IN), the well files represent more assumed CBM activity rather than confirmed CBM production.

CBM wells were buffered with a radius, then well buffer polygons unioned together by the field name attribute. Buffer distance (radius) was chosed as a function of the standard well spacing unit size. The states’ minimum well spacing rules were used as starting point (e.g.  NM: 320 acres/CBM well in San Juan Basin, 160 acres/CBM well in Raton Basin),  with a maximum spacing unit size of 320 acres. Iteration was done in many cases to obtain more reasonable buffer connectivity for a field.  For example, in areas where wells were drilled on spacing greater than the spacing rules, the buffer distance was increased by 1-2 steps of standard spacing (20, 40, 80, 160, or 320 acres per well). The corresponding buffer distances in feet for each standard spacing unit used were the same ones derived by the EIA and documented in appendix 6 of the report "Scientific Inventory of Onshore Federal Lands' Oil and Gas Resources and Reserves and the Extent and Nature of Restrictions or Impediments to their Development", January 2003  (see report at http://www.doi.gov/epca/).

An exception to the buffering process was used for the Arkansas portion of the Arkoma Basin, where a single operator (CDX) is using multilateral pinnate horizontal wells to develop the CBM. It was not possible to obtain BHL locations for each of the pinnate wells, so each quarter-section that contains a horizontal well is included in the field boundary. This results in a rectilinear outline rather than the smoothed curves of a buffered well field boundary.

No warranty, expressed or implied, is made by the author, by Z Inc. or by EIA regarding data accuracy, precision, currency or completeness; or concerning the results to be obtained from queries or use of the data. All data is expressly provided "AS IS" and "WITH FAULTS". The purpose of this dataset is to show the approximate location of coalbed methane fields. This layer is based on well data provided by individual organizations and state entities, which was not checked for accuracy or completeness. No responsibility is assumed for damages or other liabilities due to the accuracy, availability, use or misuse of the information herein provided. The GIS data is made available as a public service. GIS information is in the public domain and may be copied without permission; citation of the source is appreciated.</supplinf></descript><citation><citeinfo><origin>Energy Information Administration (EIA), Reserves and Production Division</origin><pubdate>20070819</pubdate><title>U.S. Coalbed Methane Field Boundaries, 2007</title><ftname Sync="TRUE">CBMfield_boundaries_2007</ftname><geoform Sync="TRUE">vector digital data</geoform><onlink>http://www.eia.doe.gov/pub/oil_gas/natural_gas/analysis_publications/maps/maps.htm#Top</onlink><pubinfo><publish>Energy Information Administration (EIA), Reserves and Production Division</publish><pubplace>Dallas, TX</pubplace></pubinfo><onlink>http://tonto.eia.doe.gov/dnav/ng/ng_enr_top.asp</onlink></citeinfo></citation><timeperd><current>20070101</current><timeinfo><sngdate><caldate>20070819</caldate></sngdate></timeinfo></timeperd><status><progress>Complete</progress><update>As needed</update></status><spdom><bounding><westbc>-138.21454852</westbc><eastbc>-12.68151645</eastbc><northbc>61.7110157</northbc><southbc>6.65223303</southbc></bounding><lboundng><leftbc Sync="TRUE">-149.761340</leftbc><rightbc Sync="TRUE">-77.725562</rightbc><bottombc Sync="TRUE">28.590281</bottombc><topbc Sync="TRUE">61.599906</topbc></lboundng></spdom><keywords><theme><themekey>coalbed</themekey><themekey>Natural Gas</themekey><themekey>field</themekey><themekey>energy</themekey></theme><theme><themekt>EPA GIS Keyword Thesaurus</themekt><themekey>Energy</themekey><themekey>Geology</themekey></theme><place><placekt>None</placekt><placekey>Alabama</placekey><placekey>Alaska</placekey><placekey>Colorado</placekey><placekey>Illinois</placekey><placekey>Indiana</placekey><placekey>Kansas</placekey><placekey>Kentucky</placekey><placekey>Louisiana</placekey><placekey>Montana</placekey><placekey>New Mexico</placekey><placekey>Ohio</placekey><placekey>Oklahoma</placekey><placekey>Oregon</placekey><placekey>Pennsylvania</placekey><placekey>Texas</placekey><placekey>United States</placekey><placekey>Utah</placekey><placekey>Virginia</placekey><placekey>West Virginia</placekey><placekey>Wyoming</placekey></place></keywords><accconst>None.</accconst><useconst>None. Please check sources, scale, accuracy, currentness and other available information. Please confirm that you are using the most recent copy of both data and metadata.  Acknowledgement of the EIA would be appreciated.</useconst><natvform Sync="TRUE">Shapefile</natvform><secinfo><secsys>FIPS Pub 199</secsys><secclass>No Confidentiality</secclass><sechandl>Standard Technical Controls</sechandl></secinfo><ptcontac><cntinfo><cntorgp><cntorg>Z, Inc, (contractor to Energy Information Administration)</cntorg><cntper>Sam Limerick</cntper></cntorgp><cntpos>GIS Analyst</cntpos><cntaddr><addrtype>mailing and physical address</addrtype><address>1999 Bryan St</address><address>ste 1110</address><city>Dallas</city><state>TX</state><postal>75201</postal></cntaddr><cntemail>samuel.limerick@eia.doe.gov</cntemail><cntinst>http://www.eia.doe.gov/</cntinst></cntinfo></ptcontac></idinfo><dataIdInfo><envirDesc Sync="TRUE">Microsoft Windows XP Version 5.1 (Build 2600) Service Pack 2; ESRI ArcCatalog 9.2.2.1350</envirDesc><dataLang><languageCode Sync="TRUE" value="en"></languageCode></dataLang><idCitation><resTitle Sync="TRUE">CBMfield_boundaries_2007</resTitle><presForm><PresFormCd Sync="TRUE" value="005"></PresFormCd></presForm></idCitation><spatRpType><SpatRepTypCd Sync="TRUE" value="001"></SpatRepTypCd></spatRpType><dataExt><geoEle><GeoBndBox esriExtentType="native"><westBL Sync="TRUE">-149.76134</westBL><eastBL Sync="TRUE">-77.725562</eastBL><northBL Sync="TRUE">61.599906</northBL><southBL Sync="TRUE">28.590281</southBL><exTypeCode Sync="TRUE">1</exTypeCode></GeoBndBox></geoEle></dataExt><geoBox esriExtentType="decdegrees"><westBL Sync="TRUE">-149.76134</westBL><eastBL Sync="TRUE">-77.725562</eastBL><northBL Sync="TRUE">61.599906</northBL><southBL Sync="TRUE">28.590281</southBL><exTypeCode Sync="TRUE">1</exTypeCode></geoBox></dataIdInfo><metainfo><langmeta Sync="TRUE">en</langmeta><metstdn>FGDC Content Standards for Digital Geospatial Metadata</metstdn><metstdv>FGDC-STD-001-1998</metstdv><mettc Sync="TRUE">local time</mettc><metc><cntinfo><cntorgp><cntper>Sam Limerick</cntper><cntorg>Z, Inc (contractor to Energy Information Administration)</cntorg></cntorgp><cntaddr><addrtype>mailing and physical address</addrtype><city>Dallas</city><state>TX</state><postal>75201</postal><address>1999 Bryan St</address><address>ste 1110</address></cntaddr><cntpos>GIS Analyst</cntpos><cntemail>samuel.limerick@eia.doe.gov</cntemail><cntinst>http://www.eia.doe.gov/</cntinst><cntvoice>775-825-0640</cntvoice></cntinfo></metc><metd>20070627</metd><metextns><onlink Sync="TRUE">http://www.esri.com/metadata/esriprof80.html</onlink><metprof Sync="TRUE">ESRI Metadata Profile</metprof></metextns></metainfo><mdLang><languageCode Sync="TRUE" value="en"></languageCode></mdLang><mdStanName Sync="TRUE">ISO 19115 Geographic Information - Metadata</mdStanName><mdStanVer Sync="TRUE">DIS_ESRI1.0</mdStanVer><mdChar><CharSetCd Sync="TRUE" value="004"></CharSetCd></mdChar><mdHrLv><ScopeCd Sync="TRUE" value="005"></ScopeCd></mdHrLv><mdHrLvName Sync="TRUE">dataset</mdHrLvName><distinfo><resdesc>Downloadable Data</resdesc><stdorder><digform><digtinfo><transize Sync="TRUE">7.568</transize><dssize Sync="TRUE">7.568</dssize></digtinfo></digform></stdorder><distrib><cntinfo><cntperp><cntorg>Z, Inc. (contractor to Energy Information Administration)</cntorg><cntper>Sam Limerick</cntper></cntperp><cntpos>GIS Analyst</cntpos><cntaddr><addrtype>mailing and physical address</addrtype><address>1999 Bryan St</address><address>ste 1110</address><city>Dallas</city><state>TX</state><postal>75201</postal></cntaddr><cntemail>samuel.limerick@eia.doe.gov</cntemail><cntinst>http://www.eia.doe.gov/</cntinst></cntinfo></distrib><distliab>Although these data have been processed successfully on a computer system at the Energy Information Administration, no warranty expressed or implied is made regarding the accuracy or utility of the data on any other system or for general or scientific purposes, nor shall the act of distribution constitute any such warranty. It is also strongly recommended that careful attention be paid to the contents of the metadata file associated with these data to evaluate data set limitations, restrictions or intended use. The EIA shall not be held liable for improper or incorrect use of the data described and/or contained herein.</distliab></distinfo><distInfo><distributor><distorTran><onLineSrc><orDesc Sync="TRUE">002</orDesc><linkage Sync="TRUE">file://\\BZQA\CoalBedMethane\2006_Update_wells_outlines\Shps_to_Distribute\Use These\CBMfield_boundaries_2007.shp</linkage><protocol Sync="TRUE">Local Area Network</protocol></onLineSrc><transSize Sync="TRUE">7.568</transSize></distorTran><distorFormat><formatName Sync="TRUE">Shapefile</formatName></distorFormat></distributor></distInfo><spdoinfo><direct Sync="TRUE">Vector</direct><ptvctinf><esriterm Name="CBMfield_boundaries_2007"><efeatyp Sync="TRUE">Simple</efeatyp><efeageom Sync="TRUE">Polygon</efeageom><esritopo Sync="TRUE">FALSE</esritopo><efeacnt Sync="TRUE">467</efeacnt><spindex Sync="TRUE">FALSE</spindex><linrefer Sync="TRUE">FALSE</linrefer></esriterm><sdtsterm Name="CBMfield_boundaries_2007"><sdtstype Sync="TRUE">G-polygon</sdtstype><ptvctcnt Sync="TRUE">467</ptvctcnt></sdtsterm></ptvctinf></spdoinfo><spref><horizsys><cordsysn><geogcsn Sync="TRUE">GCS_North_American_1927</geogcsn></cordsysn><geograph><geogunit>Decimal degrees</geogunit><latres>0.000001</latres><longres>0.000001</longres></geograph><geodetic><horizdn>North American Datum of 1927</horizdn><ellips>Clarke 1866</ellips><semiaxis>6378206.400000</semiaxis><denflat>294.978698</denflat></geodetic></horizsys></spref><refSysInfo><RefSystem><refSysID><identCode Sync="TRUE">GCS_North_American_1927</identCode></refSysID></RefSystem></refSysInfo><spatRepInfo><VectSpatRep><topLvl><TopoLevCd Sync="TRUE" value="001"></TopoLevCd></topLvl><geometObjs Name="CBMfield_boundaries_2007"><geoObjTyp><GeoObjTypCd Sync="TRUE" value="001"></GeoObjTypCd></geoObjTyp><geoObjCnt Sync="TRUE">467</geoObjCnt></geometObjs></VectSpatRep></spatRepInfo><eainfo><detailed Name="CBMfield_boundaries_2007"><enttyp><enttypl Sync="TRUE">CBMfield_boundaries_2007</enttypl><enttypt Sync="TRUE">Feature Class</enttypt><enttypc Sync="TRUE">467</enttypc></enttyp><attr><attrlabl Sync="TRUE">FID</attrlabl><attalias Sync="TRUE">FID</attalias><attrtype Sync="TRUE">OID</attrtype><attwidth Sync="TRUE">4</attwidth><atprecis Sync="TRUE">0</atprecis><attscale Sync="TRUE">0</attscale><attrdef Sync="TRUE">Internal feature number.</attrdef><attrdefs Sync="TRUE">ESRI</attrdefs><attrdomv><udom Sync="TRUE">Sequential unique whole numbers that are automatically generated.</udom></attrdomv></attr><attr><attrlabl Sync="TRUE">Shape</attrlabl><attalias Sync="TRUE">Shape</attalias><attrtype Sync="TRUE">Geometry</attrtype><attwidth Sync="TRUE">0</attwidth><atprecis Sync="TRUE">0</atprecis><attscale Sync="TRUE">0</attscale><attrdef Sync="TRUE">Feature geometry.</attrdef><attrdefs Sync="TRUE">ESRI</attrdefs><attrdomv><udom Sync="TRUE">Coordinates defining the features.</udom></attrdomv></attr><attr><attrlabl Sync="TRUE">field</attrlabl><attalias Sync="TRUE">field</attalias><attrtype Sync="TRUE">String</attrtype><attwidth Sync="TRUE">30</attwidth><attrdef>field name</attrdef><attrdefs>EIA</attrdefs></attr><attr><attrlabl Sync="TRUE">state</attrlabl><attalias Sync="TRUE">state</attalias><attrtype Sync="TRUE">String</attrtype><attwidth Sync="TRUE">2</attwidth><attrdef>state abbreviation</attrdef><attrdefs>ESRI</attrdefs></attr><attr><attrlabl Sync="TRUE">basin</attrlabl><attalias Sync="TRUE">basin</attalias><attrtype Sync="TRUE">String</attrtype><attwidth Sync="TRUE">20</attwidth><attrdef>name of coal basin</attrdef><attrdefs>Tully (USGS) 1996</attrdefs></attr><attr><attrlabl Sync="TRUE">age</attrlabl><attalias Sync="TRUE">age</attalias><attrtype Sync="TRUE">String</attrtype><attwidth Sync="TRUE">40</attwidth><attrdef>Geologic Age (period-epoch)</attrdef><attrdefs>geologic and gas industry literature</attrdefs></attr><attr><attrlabl Sync="TRUE">group</attrlabl><attalias Sync="TRUE">group</attalias><attrtype Sync="TRUE">String</attrtype><attwidth Sync="TRUE">20</attwidth><attrdef>Coal-bearing stratgraphic unit of 2 or more formations</attrdef><attrdefs>geologic and gas industry literature</attrdefs></attr><attr><attrlabl Sync="TRUE">formations</attrlabl><attalias Sync="TRUE">formations</attalias><attrtype Sync="TRUE">String</attrtype><attwidth Sync="TRUE">50</attwidth><attrdef>Names of geologic formations</attrdef><attrdefs>State surveys and oil/gas regulatory bodies, literature sources</attrdefs></attr><attr><attrlabl Sync="TRUE">coal_names</attrlabl><attalias Sync="TRUE">coal_names</attalias><attrtype Sync="TRUE">String</attrtype><attwidth Sync="TRUE">50</attwidth><attrdef>Names of coals completed for production</attrdef><attrdefs>State surveys and  oil/gas regulatory bodies</attrdefs><attrdomv><edom><edomv>RVTN</edomv><edomvd>RIVERTON</edomvd></edom><edom><edomv>WR</edomv><edomvd>WEIR</edomvd></edom><edom><edomv>SUM</edomv><edomvd>SUMMIT</edomvd></edom><edom><edomv>MLK</edomv><edomvd>MULKY</edomvd></edom><edom><edomv>RWE</edomv><edomvd>ROWE</edomvd></edom><edom><edomv>DRWD</edomv><edomvd>DRY WOOD</edomvd></edom><edom><edomv>BEV</edomv><edomvd>BEVIER</edomvd></edom><edom><edomv>CRBG</edomv><edomvd>CROWEBERG</edomvd></edom><edom><edomv>MIN</edomv><edomvd>MINERAL</edomvd></edom><edom><edomv>FLM</edomv><edomvd>FLEMING</edomvd></edom><edom><edomv>NTL</edomv><edomvd>NEUTRAL</edomvd></edom><edom><edomv>WR-PT</edomv><edomvd>WEIR-PITTSBURG</edomvd></edom><edom><edomv>BLJKT</edomv><edomvd>BLUEJACKET</edomvd></edom><edom><edomv>IRNPST</edomv><edomvd>IRONPOST</edomvd></edom><edom><edomv>TBO</edomv><edomvd>TEBO</edomvd></edom><edom><edomv>DAW</edomv><edomvd>DAWSON</edomvd></edom><edom><edomv>LX</edomv><edomvd>LEXINGTON</edomvd></edom><edom><edomv>PGH</edomv><edomvd>PITTSBURGH</edomvd></edom><edom><edomv>SEW</edomv><edomvd>SEWICKLEY</edomvd></edom><edom><edomv>UF</edomv><edomvd>UPPER FREEPORT</edomvd></edom><edom><edomv>LF</edomv><edomvd>LOWER FREEPORT</edomvd></edom><edom><edomv>UK</edomv><edomvd>UPPER KITTANNING</edomvd></edom><edom><edomv>MK</edomv><edomvd>MIDDLE KITTANING</edomvd></edom><edom><edomv>LK</edomv><edomvd>LOWER KITTANNNING</edomvd></edom><edom><edomv>CL</edomv><edomvd>CLARION</edomvd></edom><edom><edomv>BKV</edomv><edomvd>BROOKVILLE</edomvd></edom><edom><edomv>MAH</edomv><edomvd>MAHONING</edomvd></edom><edom><edomv>WBG</edomv><edomvd>WAYNESBURG</edomvd></edom></attrdomv></attr><attr><attrlabl Sync="TRUE">agecode</attrlabl><attalias Sync="TRUE">agecode</attalias><attrtype Sync="TRUE">String</attrtype><attwidth Sync="TRUE">50</attwidth><attrdef>ExxonMobil Age Code</attrdef><attrdefs>AAPG</attrdefs><attrdomv><edom><edomv>CETI__EOC</edomv><edomvd>Eocene</edomvd></edom><edom><edomv>CETI__EOCLA</edomv><edomvd>Late Eocene</edomvd></edom><edom><edomv>CETI__MIO</edomv><edomvd>Miocene</edomvd></edom><edom><edomv>CETI__OLI</edomv><edomvd>Oligocene</edomvd></edom><edom><edomv>CETI__PAL</edomv><edomvd>Paleocene</edomvd></edom><edom><edomv>MECT__CTU</edomv><edomvd>Late Cretaceous</edomvd></edom><edom><edomv>PACR__CRM</edomv><edomvd>Middle Carboniferous</edomvd></edom><edom><edomv>PACR__CRM__BAS</edomv><edomvd>Bashkirian</edomvd></edom><edom><edomv>PACR__CRM__MOS</edomv><edomvd>Moscovian</edomvd></edom><edom><edomv>PACR__CRU</edomv><edomvd>Late Carboniferous</edomvd></edom><edom><edomv>PAPE__PEL</edomv><edomvd>Early Permian (Rotliegend)</edomvd></edom></attrdomv></attr></detailed><overview/></eainfo><mdDateSt Sync="TRUE">20071121</mdDateSt><dataqual><complete>Features represented have not been tested for completeness</complete><posacc><horizpa><horizpar>Field boundaries are based on suface locations of wells from State oil and gas survey or oil &amp; gas regulatory bodies. There is virtually no bottom hole location (BHL) information for horizontal CBM wells. Due to the multiple BHLs generated by CD's mulit-pinnate well design in AR, the field boundaries represent quarter-sections developed  (square outlines).</horizpar></horizpa></posacc><lineage><procstep><date Sync="TRUE">20070912</date><time Sync="TRUE">23044500</time></procstep></lineage></dataqual></metadata>
