<?xml version="1.0"?>
<!--<!DOCTYPE metadata SYSTEM "http://www.esri.com/metadata/esriprof80.dtd">-->
<metadata xml:lang="en"><Esri><CreaDate>20100607</CreaDate><CreaTime>21422600</CreaTime><SyncOnce>FALSE</SyncOnce><SyncDate>20100608</SyncDate><SyncTime>10261900</SyncTime><ModDate>20100608</ModDate><ModTime>10261900</ModTime><MetaID>{D4CDA0B3-A4D0-4D2E-9D81-A758A12C4B7F}</MetaID></Esri><idinfo><native Sync="TRUE">Microsoft Windows XP Version 5.1 (Build 2600) Service Pack 3; ESRI ArcCatalog 9.3.1.3000</native><descript><langdata Sync="TRUE">en</langdata><abstract>US sedimentary basins associated with the EIA major tight gas plays as of June 2010</abstract><purpose>Background for major tight gas play map</purpose></descript><citation><citeinfo><origin>REQUIRED: The name of an organization or individual that developed the data set.</origin><pubdate>REQUIRED: The date when the data set is published or otherwise made available for release.</pubdate><title Sync="TRUE">TightGasBasins_EIA_June2010</title><ftname Sync="TRUE">TightGasBasins_EIA_June2010</ftname><geoform Sync="TRUE">vector digital data</geoform><onlink Sync="TRUE">\\BZQA\C$\TightGas\EIA_blobs\ToDistribute\TightGasBasins_EIA_June2010.shp</onlink></citeinfo></citation><timeperd><current>6-7-2010</current><timeinfo><sngdate><caldate>6-7-2010</caldate></sngdate></timeinfo></timeperd><status><progress>In work</progress><update>Continually</update></status><spdom><bounding><westbc Sync="TRUE">-111.820783</westbc><eastbc Sync="TRUE">-73.603535</eastbc><northbc Sync="TRUE">49.000211</northbc><southbc Sync="TRUE">25.772482</southbc></bounding><lboundng><leftbc Sync="TRUE">-111.820783</leftbc><rightbc Sync="TRUE">-73.603535</rightbc><bottombc Sync="TRUE">25.772482</bottombc><topbc Sync="TRUE">49.000211</topbc></lboundng></spdom><keywords><theme><themekt>REQUIRED: Reference to a formally registered thesaurus or a similar authoritative source of theme keywords.</themekt><themekey>basin</themekey><themekey>tight gas</themekey></theme><place><placekey>US</placekey></place></keywords><accconst>none</accconst><useconst>None</useconst><natvform Sync="TRUE">Shapefile</natvform><ptcontac><cntinfo><cntperp><cntper>Sam Limerick</cntper><cntorg>Z, Inc (contractor to EIA)</cntorg></cntperp><cntvoice>775-825-0640</cntvoice><cntemail>samuel.limerick@eia.doe.gov</cntemail></cntinfo></ptcontac></idinfo><dataIdInfo><envirDesc Sync="TRUE">Microsoft Windows XP Version 5.1 (Build 2600) Service Pack 3; ESRI ArcCatalog 9.3.1.3000</envirDesc><dataLang><languageCode Sync="TRUE" value="en"></languageCode></dataLang><idCitation><resTitle Sync="TRUE">TightGasBasins_EIA_June2010</resTitle><presForm><PresFormCd Sync="TRUE" value="005"></PresFormCd></presForm></idCitation><dataExt><geoEle><GeoBndBox esriExtentType="native"><westBL Sync="TRUE">-111.820783</westBL><eastBL Sync="TRUE">-73.603535</eastBL><northBL Sync="TRUE">49.000211</northBL><southBL Sync="TRUE">25.772482</southBL><exTypeCode Sync="TRUE">1</exTypeCode></GeoBndBox></geoEle></dataExt><geoBox esriExtentType="decdegrees"><westBL Sync="TRUE">-111.820783</westBL><eastBL Sync="TRUE">-73.603535</eastBL><northBL Sync="TRUE">49.000211</northBL><southBL Sync="TRUE">25.772482</southBL><exTypeCode Sync="TRUE">1</exTypeCode></geoBox><spatRpType><SpatRepTypCd Sync="TRUE" value="001"></SpatRepTypCd></spatRpType></dataIdInfo><metainfo><langmeta Sync="TRUE">en</langmeta><metstdn Sync="TRUE">FGDC Content Standards for Digital Geospatial Metadata</metstdn><metstdv Sync="TRUE">FGDC-STD-001-1998</metstdv><mettc Sync="TRUE">local time</mettc><metc><cntinfo><cntorgp><cntper>REQUIRED: The person responsible for the metadata information.</cntper><cntorg>REQUIRED: The organization responsible for the metadata information.</cntorg></cntorgp><cntaddr><addrtype>REQUIRED: The mailing and/or physical address for the organization or individual.</addrtype><city>REQUIRED: The city of the address.</city><state>REQUIRED: The state or province of the address.</state><postal>REQUIRED: The ZIP or other postal code of the address.</postal></cntaddr><cntvoice>REQUIRED: The telephone number by which individuals can speak to the organization or individual.</cntvoice></cntinfo></metc><metd Sync="TRUE">20100608</metd><metextns><onlink Sync="TRUE">http://www.esri.com/metadata/esriprof80.html</onlink><metprof Sync="TRUE">ESRI Metadata Profile</metprof></metextns></metainfo><mdLang><languageCode Sync="TRUE" value="en"></languageCode></mdLang><mdStanName Sync="TRUE">ISO 19115 Geographic Information - Metadata</mdStanName><mdStanVer Sync="TRUE">DIS_ESRI1.0</mdStanVer><mdChar><CharSetCd Sync="TRUE" value="004"></CharSetCd></mdChar><mdHrLv><ScopeCd Sync="TRUE" value="005"></ScopeCd></mdHrLv><mdHrLvName Sync="TRUE">dataset</mdHrLvName><distinfo><resdesc Sync="TRUE">Downloadable Data</resdesc><stdorder><digform><digtinfo><transize Sync="TRUE">0.181</transize><dssize Sync="TRUE">0.181</dssize></digtinfo></digform></stdorder></distinfo><distInfo><distributor><distorTran><onLineSrc><orDesc Sync="TRUE">002</orDesc><linkage Sync="TRUE">file://\\BZQA\C$\TightGas\EIA_blobs\ToDistribute\TightGasBasins_EIA_June2010.shp</linkage><protocol Sync="TRUE">Local Area Network</protocol></onLineSrc><transSize Sync="TRUE">0.181</transSize></distorTran><distorFormat><formatName Sync="TRUE">Shapefile</formatName></distorFormat></distributor></distInfo><spdoinfo><direct Sync="TRUE">Vector</direct><ptvctinf><esriterm Name="TightGasBasins_EIA_June2010"><efeatyp Sync="TRUE">Simple</efeatyp><efeageom Sync="TRUE">Polygon</efeageom><esritopo Sync="TRUE">FALSE</esritopo><efeacnt Sync="TRUE">13</efeacnt><spindex Sync="TRUE">TRUE</spindex><linrefer Sync="TRUE">FALSE</linrefer></esriterm><sdtsterm Name="TightGasBasins_EIA_June2010"><sdtstype Sync="TRUE">G-polygon</sdtstype><ptvctcnt Sync="TRUE">13</ptvctcnt></sdtsterm></ptvctinf></spdoinfo><spref><horizsys><cordsysn><geogcsn Sync="TRUE">GCS_North_American_1983</geogcsn></cordsysn><geograph><geogunit Sync="TRUE">Decimal degrees</geogunit><latres Sync="TRUE">0.000000</latres><longres Sync="TRUE">0.000000</longres></geograph><geodetic><horizdn Sync="TRUE">North American Datum of 1983</horizdn><ellips Sync="TRUE">Geodetic Reference System 80</ellips><semiaxis Sync="TRUE">6378137.000000</semiaxis><denflat Sync="TRUE">298.257222</denflat></geodetic></horizsys><vertdef><altsys><altenc Sync="TRUE">Explicit elevation coordinate included with horizontal coordinates</altenc><altres Sync="TRUE">0.000100</altres></altsys></vertdef></spref><refSysInfo><RefSystem><refSysID><identCode Sync="TRUE">GCS_North_American_1983</identCode></refSysID></RefSystem></refSysInfo><spatRepInfo><VectSpatRep><topLvl><TopoLevCd Sync="TRUE" value="001"></TopoLevCd></topLvl><geometObjs Name="TightGasBasins_EIA_June2010"><geoObjTyp><GeoObjTypCd Sync="TRUE" value="001"></GeoObjTypCd></geoObjTyp><geoObjCnt Sync="TRUE">13</geoObjCnt></geometObjs></VectSpatRep></spatRepInfo><eainfo><detailed Name="TightGasBasins_EIA_June2010"><enttyp><enttypl Sync="TRUE">TightGasBasins_EIA_June2010</enttypl><enttypt Sync="TRUE">Feature Class</enttypt><enttypc Sync="TRUE">13</enttypc></enttyp><attr><attrlabl Sync="TRUE">FID</attrlabl><attalias Sync="TRUE">FID</attalias><attrtype Sync="TRUE">OID</attrtype><attwidth Sync="TRUE">4</attwidth><atprecis Sync="TRUE">0</atprecis><attscale Sync="TRUE">0</attscale><attrdef Sync="TRUE">Internal feature number.</attrdef><attrdefs Sync="TRUE">ESRI</attrdefs><attrdomv><udom Sync="TRUE">Sequential unique whole numbers that are automatically generated.</udom></attrdomv></attr><attr><attrlabl Sync="TRUE">SHAPE</attrlabl><attalias Sync="TRUE">Shape</attalias><attrtype Sync="TRUE">Geometry</attrtype><attwidth Sync="TRUE">0</attwidth><atprecis Sync="TRUE">0</atprecis><attscale Sync="TRUE">0</attscale><attrdef Sync="TRUE">Feature geometry.</attrdef><attrdefs Sync="TRUE">ESRI</attrdefs><attrdomv><udom Sync="TRUE">Coordinates defining the features.</udom></attrdomv></attr><attr><attrlabl Sync="TRUE">NAME</attrlabl><attalias Sync="TRUE">NAME</attalias><attrtype Sync="TRUE">String</attrtype><attwidth Sync="TRUE">50</attwidth><attrdef>Name of basin</attrdef><attrdefs>EIA</attrdefs></attr><attr><attrlabl Sync="TRUE">SHAPE_Leng</attrlabl><attalias Sync="TRUE">SHAPE_Leng</attalias><attrtype Sync="TRUE">Float</attrtype><attwidth Sync="TRUE">19</attwidth><atnumdec Sync="TRUE">11</atnumdec></attr><attr><attrlabl Sync="TRUE">SHAPE_Area</attrlabl><attalias Sync="TRUE">SHAPE_Area</attalias><attrtype Sync="TRUE">Float</attrtype><attwidth Sync="TRUE">19</attwidth><attrdef Sync="TRUE">Area of feature in internal units squared.</attrdef><attrdefs Sync="TRUE">ESRI</attrdefs><attrdomv><udom Sync="TRUE">Positive real numbers that are automatically generated.</udom></attrdomv><atnumdec Sync="TRUE">11</atnumdec></attr></detailed></eainfo><mdDateSt Sync="TRUE">20100608</mdDateSt><dataqual><lineage><procstep><procdesc Sync="TRUE">Dataset copied.</procdesc><srcused Sync="TRUE">\\BZQA\C$\Shales\ShalePlayOutlines\ShalePlayOutlines.gdb</srcused><date Sync="TRUE">20081218</date><time Sync="TRUE">13575600</time></procstep><procstep><procdesc Sync="TRUE">Dataset copied.</procdesc><srcused Sync="TRUE">\\BZQA\C$\TightGas\EIA_blobs\TightGasSandOutlines.gdb</srcused><procdate Sync="TRUE">20100601</procdate><proctime Sync="TRUE">08394600</proctime></procstep><procstep><procdesc Sync="TRUE">Dataset copied.</procdesc><srcused Sync="TRUE">\\BZQA\C$\TightGas\EIA_blobs\TightGasSandOutlines.gdb</srcused><procdate Sync="TRUE">20100607</procdate><proctime Sync="TRUE">17234600</proctime></procstep><procstep><procdesc Sync="TRUE">Dataset copied.</procdesc><srcused Sync="TRUE">\\BZQA\C$\TightGas\EIA_blobs\TightGasSandOutlines.gdb</srcused><procdate Sync="TRUE">20100607</procdate><proctime Sync="TRUE">21422600</proctime></procstep></lineage></dataqual></metadata>
