Key Indicators,2016-January,% Change from Same month 2015
Total Net Generation (Thousand MWh),350863,-3.00%
Residential Retail Price (cents/Kwh),12.01,-0.70%
Retail Sales (Thousand MwH),318075,-2.50%
Heating Degree-Days,870,-2.80%
"Natural Gas Price, Henry Hub ($/mmBtu)",1.95,-43.60%
Coal Stocks (1000 tons),189128,22.20%
Coal Consumption (1000 tons),62186,-12.80%
Natural Gas Consumption (Mcf),808451,8.10%
Nuclear Net Generation (Thousand MWh),72536,-2.30%
Nuclear Outages (MW),4147,117.30%
