Days of burn by non-lignite coal rank
"DATE","Bituminous","Subbituminous"
"2010-January",74,72
"2010-February",74,73
"2010-March",77,73
"2010-April",76,71
"2010-May",71,67
"2010-June",67,62
"2010-July",65,60
"2010-August",69,60
"2010-September",71,63
"2010-October",70,64
"2010-November",67,62
"2010-December",62,61
"2011-January",64,64
"2011-February",71,66
"2011-March",72,69
"2011-April",67,67
"2011-May",61,62
"2011-June",58,57
"2011-July",55,52
"2011-August",61,52
"2011-September",67,56
"2011-October",67,56
"2011-November",66,57
"2011-December",72,63
"2012-January",85,74
"2012-February",93,82
"2012-March",90,83
"2012-April",84,80
"2012-May",79,74
"2012-June",78,71
"2012-July",80,71
"2012-August",88,75
"2012-September",89,76
"2012-October",86,73
"2012-November",83,72
"2012-December",88,74
"2013-January",95,80
"2013-February",94,84
"2013-March",86,78
"2013-April",78,69
"2013-May",73,62
"2013-June",71,57
"2013-July",75,58
"2013-August",84,63
"2013-September",84,63
"2013-October",81,59
"2013-November",80,58
"2013-December",81,55
"2014-January",73,56
"2014-February",66,56
"2014-March",63,55
"2014-April",60,53
"2014-May",57,49
"2014-June",55,45
"2014-July",59,43
"2014-August",70,44
"2014-September",76,47
"2014-October",79,49
"2014-November",76,52
"2014-December",79,58
"2015-January",82,69
"2015-February",79,76
"2015-March",78,79
"2015-April",76,77
"2015-May",73,72
"2015-June",73,65
"2015-July",76,66
"2015-August",82,73
"2015-September",87,77
"2015-October",87,80
"2015-November",87,85
"2015-December",90,95
"2016-January",94,101
"2016-February",99,105
"2016-March",97,102
"2016-April",91,93
"2016-May",87,84
"2016-June",86,79
"2016-July",87,80

