,14-Feb,% Change  from Same month 2013
Total Net Generation (Thousand MWh),"323,662",4.60%
Residential Retail Price (cents/Kwh),11.88,2.15%
Retail Sales (Thousand MwH),"308,997",7.04%
Heating Degree-Days,812,9.73%
"Natural Gas Price, Henry Hub ($/mmBtu)",6.04,76.09%
Coal Stocks (1000 tons),"573,014",-3.38%
Coal Consumption (1000 tons),"76,350",13.72%
Natural Gas Consumption (Mcf),"118,949",-32.16%
Nuclear Net Generation (Thousand MWh),"62,639",1.88%
Nuclear Outages (MW),"8,525",-36.78%
