Days of burn by non-lignite coal rank
"DATE","Bituminous","Subbituminous"
"2009-January",49,71
"2009-February",58,77
"2009-March",68,77
"2009-April",69,75
"2009-May",69,71
"2009-June",70,69
"2009-July",73,72
"2009-August",78,76
"2009-September",82,78
"2009-October",80,75
"2009-November",78,74
"2009-December",72,69
"2010-January",76,71
"2010-February",79,73
"2010-March",81,73
"2010-April",80,71
"2010-May",75,67
"2010-June",70,62
"2010-July",70,59
"2010-August",72,60
"2010-September",74,62
"2010-October",73,64
"2010-November",71,65
"2010-December",65,65
"2011-January",69,66
"2011-February",76,68
"2011-March",76,71
"2011-April",71,69
"2011-May",65,64
"2011-June",61,59
"2011-July",58,54
"2011-August",65,54
"2011-September",68,58
"2011-October",68,58
"2011-November",66,59
"2011-December",68,63
"2012-January",87,77
"2012-February",95,84
"2012-March",92,86
"2012-April",86,82
"2012-May",80,75
"2012-June",82,72
"2012-July",83,72
"2012-August",91,76
"2012-September",91,78
"2012-October",85,74
"2012-November",80,72
"2012-December",82,73
"2013-January",87,75
"2013-February",90,79
"2013-March",82,75
"2013-April",76,68
"2013-May",71,62
"2013-June",69,57
"2013-July",74,57
"2013-August",84,62
"2013-September",85,63
"2013-October",78,59
"2013-November",71,56
"2013-December",63,48
"2014-January",66,50
"2014-February",61,48
"2014-March",57,50
"2014-April",55,50
"2014-May",51,46
"2014-June",49,42
"2014-July",53,39
"2014-August",67,41
"2014-September",81,46

