Key Indicators,2015-November,% Change from Same month 2014
Total Net Generation (Thousand MWh),300935,-5.20%
Residential Retail Price (cents/Kwh),12.73,2.00%
Retail Sales (Thousand MwH),273287,-4.20%
Heating Degree-Days,442,-27.70%
"Natural Gas Price, Henry Hub ($/mmBtu)",2.15,-49.20%
Coal Stocks (1000 tons),188538,32.20%
Coal Consumption (1000 tons),49200,-23.90%
Natural Gas Consumption (Mcf),765530,20.90%
Nuclear Net Generation (Thousand MWh),60264,-7.50%
Nuclear Outages (MW),17452,54.10%
