<?xml version="1.0" encoding="ISO-8859-1"?>
<metadata>
	<idinfo>
		<citation>
			<citeinfo>
				<origin>Sam Limerick</origin>
				<pubdate>Spring 2007</pubdate>
				<title Sync="TRUE">Wells_TeapotDomeArea</title>
				<geoform Sync="TRUE">vector digital data</geoform>
				<onlink Sync="TRUE">\\LAPTOP\C$\MyDocs\Allpoints\Smoothing\wells</onlink>
				<ftname Sync="TRUE">Wells_TeapotDomeArea</ftname></citeinfo>
		</citation>
		<descript>
			<abstract>Wells drilled for oil &amp; gas in the Teapot Dome area of Wyominng.</abstract>
			<purpose>To show location of the oil &amp; Gas in the Teapot Dome area.</purpose>
			<supplinf>Records for wells in T38-39N, R78W of Wyoming were downloaded as excel files from the WY Oil and Gas Conservation Commission website, then plotted by latitude/longitude in ArcMap. Wells have the following field names: 'NAVAL PETROLEUM RESERVE',  'TEAPOT DOME',  'TEAPOT EAST',  'TEAPOT NAVAL RESERVE', 'WC', ' SALT CREEK' and 'SAGE SPRING CREEK'</supplinf>
			<langdata Sync="TRUE">en</langdata></descript>
		<timeperd>
			<timeinfo>
				<sngdate>
					<caldate>2007</caldate>
				</sngdate>
			</timeinfo>
			<current>2007</current>
		</timeperd>
		<status>
			<progress>Complete</progress>
			<update>As needed</update>
		</status>
		<spdom>
			<bounding>
				<westbc Sync="TRUE">-106.272543</westbc>
				<eastbc Sync="TRUE">-106.135882</eastbc>
				<northbc Sync="TRUE">43.386244</northbc>
				<southbc Sync="TRUE">43.200729</southbc>
			</bounding>
			<lboundng><leftbc Sync="TRUE">396923.364395</leftbc><rightbc Sync="TRUE">407717.180469</rightbc><bottombc Sync="TRUE">4783671.845114</bottombc><topbc Sync="TRUE">4804122.796301</topbc></lboundng></spdom>
		<keywords>
			<theme>
				<themekey>well</themekey>
				<themekey>oil</themekey>
				<themekey>gas</themekey>
			</theme>
			<place>
				<placekey>teapot dome</placekey>
			</place>
		</keywords>
		<accconst>None</accconst>
		<useconst>none</useconst>
		<native Sync="TRUE">Microsoft Windows XP Version 5.1 (Build 2600) Service Pack 2; ESRI ArcCatalog 9.1.0.780</native>
		<natvform Sync="TRUE">Personal GeoDatabase Feature Class</natvform></idinfo>
	<spdoinfo>
		<direct Sync="TRUE">Vector</direct>
		<ptvctinf>
			<sdtsterm Name="Wells_TeapotDomeArea">
				<sdtstype Sync="TRUE">Entity point</sdtstype>
				<ptvctcnt Sync="TRUE">2111</ptvctcnt>
			</sdtsterm>
			<esriterm Name="Wells_TeapotDomeArea"><efeatyp Sync="TRUE">Simple</efeatyp><efeageom Sync="TRUE">Point</efeageom><esritopo Sync="TRUE">FALSE</esritopo><efeacnt Sync="TRUE">2111</efeacnt><spindex Sync="TRUE">TRUE</spindex><linrefer Sync="TRUE">FALSE</linrefer></esriterm></ptvctinf>
	</spdoinfo>
	<spref>
		<horizsys>
			<planar>
				<planci>
					<plance Sync="TRUE">coordinate pair</plance>
					<coordrep>
						<absres Sync="TRUE">0.002048</absres>
						<ordres Sync="TRUE">0.002048</ordres>
					</coordrep>
					<plandu Sync="TRUE">meters</plandu>
				</planci>
				<gridsys><gridsysn Sync="TRUE">Universal Transverse Mercator</gridsysn><utm><utmzone Sync="TRUE">13</utmzone><transmer><sfctrmer Sync="TRUE">0.999600</sfctrmer><longcm Sync="TRUE">-105.000000</longcm><latprjo Sync="TRUE">0.000000</latprjo><feast Sync="TRUE">500000.000000</feast><fnorth Sync="TRUE">0.000000</fnorth></transmer></utm></gridsys></planar>
			<geodetic>
				<horizdn Sync="TRUE">North American Datum of 1927</horizdn>
				<ellips Sync="TRUE">Clarke 1866</ellips>
				<semiaxis Sync="TRUE">6378206.400000</semiaxis>
				<denflat Sync="TRUE">294.978698</denflat>
			</geodetic>
			<cordsysn><geogcsn Sync="TRUE">GCS_North_American_1927</geogcsn><projcsn Sync="TRUE">NAD_1927_UTM_Zone_13N</projcsn></cordsysn></horizsys>
		<vertdef>
			<altsys>
				<altres Sync="TRUE">0.000010</altres>
				<altenc Sync="TRUE">Explicit elevation coordinate included with horizontal coordinates</altenc>
			</altsys>
		</vertdef>
	</spref>
	<eainfo>
		<detailed Name="Wells_TeapotDomeArea">
			<enttyp>
				<enttypl Sync="TRUE">Wells_TeapotDomeArea</enttypl>
				<enttypt Sync="TRUE">Feature Class</enttypt><enttypc Sync="TRUE">2111</enttypc></enttyp>
			<attr>
				<attrlabl>OBJECTID</attrlabl>
				<attrdef>Internal feature number.</attrdef>
				<attrdefs>ESRI</attrdefs>
				<attrdomv>
					<udom>Sequential unique whole numbers that are automatically generated.</udom>
				</attrdomv>
			</attr>
			<attr>
				<attrlabl>Shape</attrlabl>
				<attrdef>Feature geometry.</attrdef>
				<attrdefs>ESRI</attrdefs>
				<attrdomv>
					<udom>Coordinates defining the features.</udom>
				</attrdomv>
			</attr>
			<attr>
				<attrlabl>LATITUDE</attrlabl>
			</attr>
			<attr>
				<attrlabl>LONGITUDE</attrlabl>
			</attr>
			<attr>
				<attrlabl>API_NUMBER</attrlabl>
			</attr>
			<attr>
				<attrlabl>TOWNSHIP</attrlabl>
			</attr>
			<attr>
				<attrlabl>T_DIR</attrlabl>
			</attr>
			<attr>
				<attrlabl>RANGE</attrlabl>
			</attr>
			<attr>
				<attrlabl>R_DIR</attrlabl>
			</attr>
			<attr>
				<attrlabl>COUNTY</attrlabl>
			</attr>
			<attr>
				<attrlabl>WELL_NUMBE</attrlabl>
			</attr>
			<attr>
				<attrlabl>UNIT_OR_LE</attrlabl>
			</attr>
			<attr>
				<attrlabl>SECTION_</attrlabl>
			</attr>
			<attr>
				<attrlabl>COMPANY</attrlabl>
			</attr>
			<attr>
				<attrlabl>LEASE_NUMB</attrlabl>
			</attr>
			<attr>
				<attrlabl>FIELD_NAME</attrlabl>
			</attr>
			<attr>
				<attrlabl>MINERAL_TY</attrlabl>
			</attr>
			<attr>
				<attrlabl>FOOTAGE_1</attrlabl>
			</attr>
			<attr>
				<attrlabl>FOOTAGE_2</attrlabl>
			</attr>
			<attr>
				<attrlabl>MEASURED_F</attrlabl>
			</attr>
			<attr>
				<attrlabl>ELEVATION</attrlabl>
			</attr>
			<attr>
				<attrlabl>ELEVATION_</attrlabl>
			</attr>
			<attr>
				<attrlabl>WELL_CLASS</attrlabl>
			</attr>
			<attr>
				<attrlabl>STATUS</attrlabl>
			</attr>
			<attr>
				<attrlabl>STATUS_MON</attrlabl>
			</attr>
			<attr>
				<attrlabl>STATUS_DAY</attrlabl>
			</attr>
			<attr>
				<attrlabl>STATUS_YEA</attrlabl>
			</attr>
			<attr>
				<attrlabl>TOTAL_DEPT</attrlabl>
			</attr>
			<attr>
				<attrlabl>PLUG_BACK_</attrlabl>
			</attr>
			<attr>
				<attrlabl>BOTTOM_FOR</attrlabl>
			</attr>
			<attr>
				<attrlabl>FORM_2_STA</attrlabl>
			</attr>
			<attr>
				<attrlabl>FORM_2_S_1</attrlabl>
			</attr>
			<attr>
				<attrlabl>FORM_2_S_2</attrlabl>
			</attr>
			<attr>
				<attrlabl>OIL_BBLS</attrlabl>
			</attr>
			<attr>
				<attrlabl>GAS_MCF</attrlabl>
			</attr>
			<attr>
				<attrlabl>WATER_BBLS</attrlabl>
			</attr>
		</detailed>
	</eainfo>
	<distinfo>
		<resdesc>Downloadable Data</resdesc>
	</distinfo>
	<metainfo>
		<metd Sync="TRUE">20070529</metd>
		<metc>
			<cntinfo>
				<cntorgp>
					<cntorg>REQUIRED: The organization responsible for the metadata information.</cntorg>
					<cntper>REQUIRED: The person responsible for the metadata information.</cntper>
				</cntorgp>
				<cntaddr>
					<addrtype>REQUIRED: The mailing and/or physical address for the organization or individual.</addrtype>
					<city>REQUIRED: The city of the address.</city>
					<state>REQUIRED: The state or province of the address.</state>
					<postal>REQUIRED: The ZIP or other postal code of the address.</postal>
				</cntaddr>
				<cntvoice>REQUIRED: The telephone number by which individuals can speak to the organization or individual.</cntvoice>
			</cntinfo>
		</metc>
		<metstdn Sync="TRUE">FGDC Content Standards for Digital Geospatial Metadata</metstdn>
		<metstdv Sync="TRUE">FGDC-STD-001-1998</metstdv>
		<mettc Sync="TRUE">local time</mettc>
		<metextns>
			<onlink>http://www.esri.com/metadata/esriprof80.html</onlink>
			<metprof>ESRI Metadata Profile</metprof>
		</metextns>
		<langmeta Sync="TRUE">en</langmeta><metextns><onlink Sync="TRUE">http://www.esri.com/metadata/esriprof80.html</onlink><metprof Sync="TRUE">ESRI Metadata Profile</metprof></metextns></metainfo>
	<Esri><CreaDate>20080125</CreaDate><CreaTime>13401600</CreaTime><SyncOnce>FALSE</SyncOnce><SyncDate>20070529</SyncDate><SyncTime>12374200</SyncTime><ModDate>20070529</ModDate><ModTime>12374200</ModTime><MetaID>{2ED9C0A2-C1C4-4797-8A61-1C1E57A4559A}</MetaID></Esri><dataqual><lineage><procstep><procdesc Sync="TRUE">Metadata imported.</procdesc><srcused Sync="TRUE">C:\DOCUME~1\slk\LOCALS~1\Temp\xml7D.tmp</srcused><date Sync="TRUE">20070529</date><time Sync="TRUE">11524300</time></procstep><procstep><procdesc Sync="TRUE">Dataset copied.</procdesc><srcused Sync="TRUE">\\LAPTOP\C$\MyDocs\Allpoints\TeaPotDome\TeapotDome.mdb</srcused><date Sync="TRUE">20080115</date><time Sync="TRUE">18593100</time></procstep><procstep><procdesc Sync="TRUE">Dataset copied.</procdesc><srcused Sync="TRUE">C:\MyDocs\Allpoints\Geoprocessing_Petro\wells</srcused><date Sync="TRUE">20080115</date><time Sync="TRUE">19344600</time></procstep><procstep><procdesc Sync="TRUE">Dataset copied.</procdesc><srcused Sync="TRUE">F:\allpoints\SmoothingDemo\wells</srcused><date Sync="TRUE">20080125</date><time Sync="TRUE">13401600</time></procstep></lineage></dataqual><dataIdInfo><envirDesc Sync="TRUE">Microsoft Windows XP Version 5.1 (Build 2600) Service Pack 2; ESRI ArcCatalog 9.1.0.780</envirDesc><dataLang><languageCode Sync="TRUE" value="en"></languageCode></dataLang><idCitation><resTitle Sync="TRUE">Wells_TeapotDomeArea</resTitle><presForm><PresFormCd Sync="TRUE" value="005"></PresFormCd></presForm></idCitation><spatRpType><SpatRepTypCd Sync="TRUE" value="001"></SpatRepTypCd></spatRpType><dataExt><geoEle><GeoBndBox esriExtentType="native"><westBL Sync="TRUE">396923.364395</westBL><eastBL Sync="TRUE">407717.180469</eastBL><northBL Sync="TRUE">4804122.796301</northBL><southBL Sync="TRUE">4783671.845114</southBL><exTypeCode Sync="TRUE">1</exTypeCode></GeoBndBox></geoEle></dataExt><geoBox esriExtentType="decdegrees"><westBL Sync="TRUE">-106.272543</westBL><eastBL Sync="TRUE">-106.135882</eastBL><northBL Sync="TRUE">43.386244</northBL><southBL Sync="TRUE">43.200729</southBL><exTypeCode Sync="TRUE">1</exTypeCode></geoBox></dataIdInfo><mdLang><languageCode Sync="TRUE" value="en"></languageCode></mdLang><mdStanName Sync="TRUE">ISO 19115 Geographic Information - Metadata</mdStanName><mdStanVer Sync="TRUE">DIS_ESRI1.0</mdStanVer><mdChar><CharSetCd Sync="TRUE" value="004"></CharSetCd></mdChar><mdHrLv><ScopeCd Sync="TRUE" value="005"></ScopeCd></mdHrLv><mdHrLvName Sync="TRUE">dataset</mdHrLvName><distInfo><distributor><distorTran><onLineSrc><orDesc Sync="TRUE">002</orDesc><linkage Sync="TRUE">file://\\LAPTOP\C$\MyDocs\Allpoints\Smoothing\wells</linkage><protocol Sync="TRUE">Local Area Network</protocol></onLineSrc></distorTran><distorFormat><formatName Sync="TRUE">Personal GeoDatabase Feature Class</formatName></distorFormat></distributor></distInfo><refSysInfo><RefSystem><refSysID><identCode Sync="TRUE">NAD_1927_UTM_Zone_13N</identCode></refSysID></RefSystem></refSysInfo><spatRepInfo><VectSpatRep><topLvl><TopoLevCd Sync="TRUE" value="001"></TopoLevCd></topLvl><geometObjs Name="Wells_TeapotDomeArea"><geoObjTyp><GeoObjTypCd Sync="TRUE" value="004"></GeoObjTypCd></geoObjTyp><geoObjCnt Sync="TRUE">2111</geoObjCnt></geometObjs></VectSpatRep></spatRepInfo><mdDateSt Sync="TRUE">20070529</mdDateSt></metadata>
