<metadata xml:lang="en"><Esri><CreaDate>20160309</CreaDate><CreaTime>11212600</CreaTime><SyncOnce>FALSE</SyncOnce><SyncDate>20160310</SyncDate><SyncTime>09474700</SyncTime><ModDate>20160310</ModDate><ModTime>09474700</ModTime><DataProperties><itemProps><itemName Sync="TRUE">SedimentaryBasins_US_May2011_v2</itemName><imsContentType Sync="TRUE">002</imsContentType><itemLocation><linkage Sync="TRUE">file://\\fs-f3\OES\SSAM\Maps\StatesProductionMap\Shapefiles\SHP_Public_2016_03\SedimentaryBasins_US_May2011_v2.shp</linkage><protocol Sync="TRUE">Local Area Network</protocol></itemLocation><itemSize Sync="TRUE">0.000</itemSize><nativeExtBox><westBL Sync="TRUE">-13578473.458700</westBL><eastBL Sync="TRUE">-8193508.257200</eastBL><southBL Sync="TRUE">2970929.572700</southBL><northBL Sync="TRUE">6275276.448200</northBL><exTypeCode Sync="TRUE">1</exTypeCode></nativeExtBox></itemProps><coordRef><type Sync="TRUE">Geographic</type><geogcsn Sync="TRUE">GCS_WGS_1984</geogcsn><peXml Sync="TRUE">&lt;GeographicCoordinateSystem xsi:type='typens:GeographicCoordinateSystem' xmlns:xsi='http://www.w3.org/2001/XMLSchema-instance' xmlns:xs='http://www.w3.org/2001/XMLSchema' xmlns:typens='http://www.esri.com/schemas/ArcGIS/10.3'&gt;&lt;WKT&gt;GEOGCS[&amp;quot;GCS_WGS_1984&amp;quot;,DATUM[&amp;quot;D_WGS_1984&amp;quot;,SPHEROID[&amp;quot;WGS_1984&amp;quot;,6378137.0,298.257223563]],PRIMEM[&amp;quot;Greenwich&amp;quot;,0.0],UNIT[&amp;quot;Degree&amp;quot;,0.0174532925199433],AUTHORITY[&amp;quot;EPSG&amp;quot;,4326]]&lt;/WKT&gt;&lt;XOrigin&gt;-400&lt;/XOrigin&gt;&lt;YOrigin&gt;-400&lt;/YOrigin&gt;&lt;XYScale&gt;11258999068426.238&lt;/XYScale&gt;&lt;ZOrigin&gt;-100000&lt;/ZOrigin&gt;&lt;ZScale&gt;10000&lt;/ZScale&gt;&lt;MOrigin&gt;-100000&lt;/MOrigin&gt;&lt;MScale&gt;10000&lt;/MScale&gt;&lt;XYTolerance&gt;8.983152841195215e-009&lt;/XYTolerance&gt;&lt;ZTolerance&gt;0.001&lt;/ZTolerance&gt;&lt;MTolerance&gt;0.001&lt;/MTolerance&gt;&lt;HighPrecision&gt;true&lt;/HighPrecision&gt;&lt;LeftLongitude&gt;-180&lt;/LeftLongitude&gt;&lt;WKID&gt;4326&lt;/WKID&gt;&lt;LatestWKID&gt;4326&lt;/LatestWKID&gt;&lt;/GeographicCoordinateSystem&gt;</peXml><csUnits Sync="TRUE">Angular Unit: Degree (0.017453)</csUnits></coordRef><lineage><Process ToolSource="C:\Program Files\ArcGIS\Desktop10.0\ArcToolbox\Toolboxes\Conversion Tools.tbx\FeatureClassToFeatureClass" Date="20100927" Time="064401" Name="" export="">FeatureClassToFeatureClass C:\Shales\ShalePlayOutlines\ShalePlayOutlines.gdb\Basins_gN83\ShaleBasins C:\Shales\ShalePlayOutlines\ShalePlayOutlines.gdb\Basins_gN83 ShaleBasinsOct2010 # "NAME "NAME" true true false 50 Text 0 0 ,First,#,C:\Shales\ShalePlayOutlines\ShalePlayOutlines.gdb\Basins_gN83\ShaleBasins,NAME,-1,-1;SHAPE_Length "SHAPE_Length" false true true 8 Double 0 0 ,First,#,C:\Shales\ShalePlayOutlines\ShalePlayOutlines.gdb\Basins_gN83\ShaleBasins,SHAPE_Length,-1,-1;SHAPE_Area "SHAPE_Area" false true true 8 Double 0 0 ,First,#,C:\Shales\ShalePlayOutlines\ShalePlayOutlines.gdb\Basins_gN83\ShaleBasins,SHAPE_Area,-1,-1" #</Process><Process ToolSource="C:\Program Files\ArcGIS\Desktop10.0\ArcToolbox\Toolboxes\Data Management Tools.tbx\Append" Date="20100927" Time="070006" Name="" export="">Append ShaleAdd4Basins ShaleBasinsOct2010 NO_TEST "NAME "NAME" true true false 50 Text 0 0 ,First,#,C:\temp\OK_Shales\ShaleAdd4Basins.shp,NAME,-1,-1;Shape_Length "Shape_Length" false true true 8 Double 0 0 ,First,#;Shape_Area "Shape_Area" false true true 8 Double 0 0 ,First,#,C:\temp\OK_Shales\ShaleAdd4Basins.shp,SHAPE_Area,-1,-1" #</Process><Process ToolSource="C:\Program Files\ArcGIS\Desktop10.0\ArcToolbox\Toolboxes\Data Management Tools.tbx\CalculateField" Date="20100927" Time="094150" Name="" export="">CalculateField ShaleBasinsOct2010 GasRes09 0 VB #</Process><Process ToolSource="C:\Program Files\ArcGIS\Desktop10.0\ArcToolbox\Toolboxes\Data Management Tools.tbx\CalculateField" Date="20100927" Time="094159" Name="" export="">CalculateField ShaleBasinsOct2010 GasProd09 0 VB #</Process><Process ToolSource="C:\Program Files\ArcGIS\Desktop10.0\ArcToolbox\Toolboxes\Data Management Tools.tbx\CalculateField" Date="20110311" Time="145735" Name="" export="">CalculateField ShaleBasinsOct2010 Source "Jur-Cret TPS; Higley 2007 USGS DDS-69-N" VB #</Process><Process ToolSource="C:\Program Files\ArcGIS\Desktop10.0\ArcToolbox\Toolboxes\Conversion Tools.tbx\FeatureClassToFeatureClass" Date="20110507" Time="085453" Name="" export="">FeatureClassToFeatureClass C:\Shales\ShalePlayOutlines\ShalePlayOutlines.gdb\Basins_gN83\ShaleBasinsMay2011_ClipLwr48 C:\Shales\ShalePlayOutlines\Shps_to_Distri_May2011 US_ShaleBasins_EIA_May2011.shp # "NAME "NAME" true true false 50 Text 0 0 ,First,#,C:\Shales\ShalePlayOutlines\ShalePlayOutlines.gdb\Basins_gN83\ShaleBasinsMay2011_ClipLwr48,NAME,-1,-1;Shape_Leng "Shape_Length" false true true 8 Double 0 0 ,First,#,C:\Shales\ShalePlayOutlines\ShalePlayOutlines.gdb\Basins_gN83\ShaleBasinsMay2011_ClipLwr48,Shape_Length,-1,-1;Shape_Area "Shape_Area" false true true 8 Double 0 0 ,First,#,C:\Shales\ShalePlayOutlines\ShalePlayOutlines.gdb\Basins_gN83\ShaleBasinsMay2011_ClipLwr48,Shape_Area,-1,-1" #</Process><Process ToolSource="C:\Users\kpi\AppData\Roaming\ESRI\Desktop10.1\ArcToolbox\My Toolboxes\KipToolbox.tbx\Project" Date="20150225" Time="095622" Name="" export="">Project "Sedimentary Basins" \\Fs-f1\l6863\KPI\Olga\ShalePlays.gdb\SedimentaryBasins_US_May2011 PROJCS['WGS_1984_Web_Mercator_Auxiliary_Sphere',GEOGCS['GCS_WGS_1984',DATUM['D_WGS_1984',SPHEROID['WGS_1984',6378137.0,298.257223563]],PRIMEM['Greenwich',0.0],UNIT['Degree',0.0174532925199433]],PROJECTION['Mercator_Auxiliary_Sphere'],PARAMETER['False_Easting',0.0],PARAMETER['False_Northing',0.0],PARAMETER['Central_Meridian',0.0],PARAMETER['Standard_Parallel_1',0.0],PARAMETER['Auxiliary_Sphere_Type',0.0],UNIT['Meter',1.0]] WGS_1984_(ITRF00)_To_NAD_1983 GEOGCS['GCS_North_American_1983',DATUM['D_North_American_1983',SPHEROID['GRS_1980',6378137.0,298.257222101]],PRIMEM['Greenwich',0.0],UNIT['Degree',0.0174532925199433],METADATA['North America - NAD83',167.65,14.93,-47.74,86.45,0.0,0.0174532925199433,0.0,1350]]</Process></lineage></DataProperties><ArcGISFormat>1.0</ArcGISFormat><ArcGISstyle>ISO 19139 Metadata Implementation Specification</ArcGISstyle><ArcGISProfile>ItemDescription</ArcGISProfile><scaleRange><minScale>150000000</minScale><maxScale>5000</maxScale></scaleRange></Esri><dataIdInfo><idCitation xmlns=""><presForm><PresFormCd value="005"/></presForm><citRespParty xmlns=""><rpIndName>Sam Limerick</rpIndName><rpOrgName>Z, Inc. (Contractor to EIA)</rpOrgName><rpCntInfo xmlns=""><cntAddress><eMailAdd>samuel.limerick@eia.gov</eMailAdd></cntAddress><cntPhone><voiceNum>775-825-0640</voiceNum></cntPhone><cntHours>8-5 Pacific time, M-F</cntHours></rpCntInfo><role><RoleCd value="011"/></role></citRespParty><resTitle Sync="FALSE">U.S. Sedimentary Basins</resTitle></idCitation><dataExt><geoEle xmlns=""><GeoBndBox esriExtentType="search"><westBL Sync="TRUE">-121.977502</westBL><eastBL Sync="TRUE">-73.603537</eastBL><northBL Sync="TRUE">49.002446</northBL><southBL Sync="TRUE">25.772486</southBL><exTypeCode Sync="TRUE">1</exTypeCode></GeoBndBox></geoEle></dataExt><geoBox esriExtentType="decdegrees"/><descKeys><thesaName uuidref="723f6998-058e-11dc-8314-0800200c9a66"/><keyword Sync="TRUE">002</keyword></descKeys><spatRpType><SpatRepTypCd value="001"/></spatRpType><idPurp>Sedimentary basins associated with the EIA shale plays as of 5-6-2011. Sedimentary basin which do not have shale plays as of publication date are not included in this file. Sources for the basins are mostly from the US Geological Survey and state agencies such as the WY Geological Survey.</idPurp><idAbs>&lt;DIV STYLE="text-align:Left;"&gt;&lt;DIV&gt;&lt;DIV&gt;&lt;P&gt;&lt;SPAN&gt;Sedimentary basins associated with the EIA shale plays as of 5-6-2011&lt;/SPAN&gt;&lt;/P&gt;&lt;/DIV&gt;&lt;/DIV&gt;&lt;/DIV&gt;</idAbs><envirDesc Sync="TRUE"> Version 6.2 (Build 9200) ; Esri ArcGIS 10.3.1.4959</envirDesc><dataLang><languageCode value="en" country="US"/><countryCode value="USA" Sync="TRUE"/></dataLang><idPoC><rpIndName>Sam Limerick</rpIndName><rpOrgName>Z Inc. (contractor to EIA)</rpOrgName><rpPosName>GIS Analyst/ Geologist</rpPosName><rpCntInfo xmlns=""><cntAddress><eMailAdd>samuel.limerick@eia.doe.gov</eMailAdd></cntAddress></rpCntInfo><role><RoleCd value="011"/></role></idPoC><resConst><Consts><useLimit>&lt;DIV STYLE="text-align:Left;"&gt;&lt;DIV&gt;&lt;DIV&gt;&lt;P&gt;&lt;SPAN&gt;&lt;SPAN&gt;The U.S. Energy Information Administration shall not be held liable for improper or incorrect use of the data described and/or contained herein. These data and related graphics, if available, are not legal documents and are not intended to be used as such. The information contained in these data is dynamic and may change over time. The U.S. Energy Information Administration gives no warranty, expressed or implied, as to the accuracy, reliability, or completeness of these data.&lt;/SPAN&gt;&lt;/SPAN&gt;&lt;/P&gt;&lt;P&gt;&lt;SPAN /&gt;&lt;/P&gt;&lt;/DIV&gt;&lt;/DIV&gt;&lt;/DIV&gt;</useLimit></Consts></resConst><tpCat><TopicCatCd value="008"/></tpCat></dataIdInfo><spatRepInfo><VectSpatRep><geometObjs Name="SedimentaryBasins_US_May2011_v2"><geoObjTyp><GeoObjTypCd value="002" Sync="TRUE"></GeoObjTypCd></geoObjTyp><geoObjCnt Sync="TRUE">0</geoObjCnt></geometObjs><topLvl><TopoLevCd value="001" Sync="TRUE"></TopoLevCd></topLvl></VectSpatRep></spatRepInfo><mdLang><languageCode value="eng"/><countryCode value="eng"/></mdLang><distInfo><distFormat><formatName Sync="TRUE">Shapefile</formatName></distFormat><distTranOps><transSize Sync="TRUE">0.000</transSize></distTranOps></distInfo><mdHrLv><ScopeCd value="005"/></mdHrLv><mdHrLvName Sync="TRUE">dataset</mdHrLvName><refSysInfo><RefSystem><refSysID xmlns=""><identCode code="4269"/><idCodeSpace Sync="TRUE">EPSG</idCodeSpace><idVersion Sync="TRUE">8.6.2</idVersion></refSysID></RefSystem></refSysInfo><spdoinfo><ptvctinf><esriterm Name="SedimentaryBasins_US_May2011_v2"><efeatyp Sync="TRUE">Simple</efeatyp><efeageom code="4" Sync="TRUE"></efeageom><esritopo Sync="TRUE">FALSE</esritopo><efeacnt Sync="TRUE">0</efeacnt><spindex Sync="TRUE">FALSE</spindex><linrefer Sync="TRUE">FALSE</linrefer></esriterm></ptvctinf></spdoinfo><eainfo><detailed Name="SedimentaryBasins_US_May2011_v2"><enttyp><enttypl Sync="TRUE">SedimentaryBasins_US_May2011_v2</enttypl><enttypt Sync="TRUE">Feature Class</enttypt><enttypc Sync="TRUE">0</enttypc></enttyp><attr><attrlabl Sync="TRUE">FID</attrlabl><attalias Sync="TRUE">FID</attalias><attrtype Sync="TRUE">OID</attrtype><attwidth Sync="TRUE">4</attwidth><atprecis Sync="TRUE">0</atprecis><attscale Sync="TRUE">0</attscale><attrdef Sync="TRUE">Internal feature number.</attrdef><attrdefs Sync="TRUE">Esri</attrdefs><attrdomv><udom Sync="TRUE">Sequential unique whole numbers that are automatically generated.</udom></attrdomv></attr><attr><attrlabl Sync="TRUE">Shape</attrlabl><attalias Sync="TRUE">Shape</attalias><attrtype Sync="TRUE">Geometry</attrtype><attwidth Sync="TRUE">0</attwidth><atprecis Sync="TRUE">0</atprecis><attscale Sync="TRUE">0</attscale><attrdef Sync="TRUE">Feature geometry.</attrdef><attrdefs Sync="TRUE">ESRI</attrdefs><attrdomv><udom Sync="TRUE">Coordinates defining the features.</udom></attrdomv></attr><attr><attrlabl Sync="TRUE">NAME</attrlabl><attalias Sync="TRUE">NAME</attalias><attrtype Sync="TRUE">String</attrtype><attwidth Sync="TRUE">50</attwidth><atprecis Sync="TRUE">0</atprecis><attscale Sync="TRUE">0</attscale></attr><attr><attrlabl Sync="TRUE">Area_sq_km</attrlabl><attalias Sync="TRUE">Area_sq_km</attalias><attrtype Sync="TRUE">Double</attrtype><attwidth Sync="TRUE">19</attwidth><atprecis Sync="TRUE">0</atprecis><attscale Sync="TRUE">0</attscale></attr><attr><attrlabl Sync="TRUE">Area_sq_mi</attrlabl><attalias Sync="TRUE">Area_sq_mi</attalias><attrtype Sync="TRUE">Double</attrtype><attwidth Sync="TRUE">19</attwidth><atprecis Sync="TRUE">0</atprecis><attscale Sync="TRUE">0</attscale></attr></detailed></eainfo><mdDateSt Sync="TRUE">20160310</mdDateSt><mdChar><CharSetCd value="004"/></mdChar></metadata>
