<?xml version="1.0" encoding="ISO-8859-1"?>
<metadata>
	<idinfo>
		<citation>
			<citeinfo>
				<origin>Sam Limerick</origin>
				<pubdate>10/16/06</pubdate>
				<title Sync="TRUE">EasternGreatBasin</title>
				<geoform Sync="TRUE">vector digital data</geoform>
				<serinfo>
					<sername>Phase 3 EPCA Section 604 Crude Oil, Natural Gas, and Natural gas liquids proved reserves data collection, reduction, analysis and presentation</sername>
				</serinfo>
				<onlink Sync="TRUE">\\BZQA\MyDocs\EPCA-3\Maps_for_website\shps_for_website\EasternGreatBasin.shp</onlink>
				<lworkcit>
					<citeinfo>
						<origin>US Depts of the Interior, Agriculture &amp; Energy</origin>
						<pubdate>2006/2007</pubdate>
						<title>Phase 3 EPCA Section 604 Crude Oil, Natural Gas, and Natural gas liquids proved reserves data collection, reduction, analysis and presentation</title>
						<geoform>vector digital data</geoform>
					</citeinfo>
				</lworkcit>
				<ftname Sync="TRUE">EasternGreatBasin</ftname></citeinfo>
		</citation>
		<descript>
			<abstract>Gross Oil and Gas Field outlines from the Eastern Great Basin, with the following attributes: field name, classes of proven gross 2004 liquids, gas &amp; BOE reserves, state (NV or UT),  DOE field code, fraction of each field in the basin outline, fraction of each field outline that is federal land.</abstract>
			<purpose>EPCA Section 604 Round 3 Study</purpose>
			<langdata Sync="TRUE">en</langdata><supplinf>Build oil &amp; gas field outline polygons by buffering each well in a field and unioning the buffers.
1. Start with point file of oil &amp; gas wells (producing wells only, no dry holes or injectors) with field name attribute "Field" and attribute "reservoir" ("reservoir" for UT but not for NV wells). Source of NV wells is consultant geologist Don French, NV Bureau of Mines &amp; Geology (NBMG),  EIA's USPS database and vendor HPDI.  Source of UT wells is the UT Division of Oil, Gas and Mining,  EIA's USPS database and vendor HPDI.  Decimate data to only include wells located in the study areas/basins. Bottom hole location (BHL) data was available for the few UT wells in this area that are not vertical and was utilized. All of the NV wells were drilled as vertical wells. 
2. In SAS, estimate the well spacing for each reservoir (for UT) in each field or for each field (NV). See appendix of report for detailed methodology. For each well, populate the column "Buffer" with the desired  buffer radius (ft).
3. In ArcGIS, write VBA script to build gross field outline polygons. Do the following in batch mode:
-Select "field name" attribute &amp; buffer "distance attribute" from point (well) file.
-Select all wells with first "field name" encountered.
-Create buffer around each selected well using "Buffer distance".
-Union buffers and dissolve barriers between overlapping buffers.
-Loop through point file and perform for each "field name".
-Perform a smoothing operation to eliminate small internal "islands" and the scalloped appearance on the outside of outlines (See report appendix for details) to get smoothed gross field polygons.
4. Clip gross field polygons with the study area outline to remove portions of fields that extend outside of study area outlines. Calculate value of attribute "FRC_INBASIN" (fraction in-basin) = (field area after clipping/field area before clipping). Value of this is = 1 for fields that do not extend out of study area. One -well fields that extend outside of the study area are given FRC_INBASIN = 1.
5. Calculate % of Federal land within each field outline polygon. Use federal land layer provided to EIA by BLM contractor ARI (one layer/study area). "Federal land" for this study is defined as federal ownership of the surface, mineral rights or both.
6. Intersect federal land layers (from ARI) with gross field outlines to get federal field outlines
7. Join reserve class codes to the shapfile by field name.</supplinf></descript>
		<timeperd>
			<timeinfo>
				<sngdate>
					<caldate>10/16/2006</caldate>
				</sngdate>
			</timeinfo>
			<current>publication date</current>
		</timeperd>
		<status>
			<progress>Complete</progress>
			<update>As needed</update>
		</status>
		<spdom>
			<bounding>
				<westbc Sync="TRUE">-116.291274</westbc>
				<eastbc Sync="TRUE">-111.528725</eastbc>
				<northbc Sync="TRUE">41.949886</northbc>
				<southbc Sync="TRUE">37.260827</southbc>
			</bounding>
			<lboundng><leftbc Sync="TRUE">60537.721427</leftbc><rightbc Sync="TRUE">453179.710318</rightbc><bottombc Sync="TRUE">4135123.386917</bottombc><topbc Sync="TRUE">4644152.922593</topbc></lboundng></spdom>
		<keywords>
			<theme>
				<themekt>None</themekt>
				<themekey>Oil and Gas Field Outlines</themekey>
				<themekey>Reserves of Oil &amp; Gas</themekey>
				<themekey>EPCA</themekey>
			</theme>
			<place>
				<placekt>None</placekt>
				<placekey>Eastern Great Basin</placekey>
				<placekey>Utah</placekey>
				<placekey>Nevada</placekey></place>
		</keywords>
		<accconst>None.</accconst>
		<useconst>None.</useconst>
		<ptcontac>
			<cntinfo>
				<cntperp>
					<cntper>Samuel Limerick</cntper>
					<cntorg>Z, Inc (contractor to Energy Information Administration)</cntorg>
				</cntperp>
				<cntpos>Geologist / GIS Analyst</cntpos>
				<cntaddr>
					<addrtype>mailing and physical address</addrtype>
					<address>1999 Bryan St., Ste 1100</address>
					<city>Dallas</city>
					<state>TX</state>
					<postal>75201</postal>
					<country>USA</country>
				</cntaddr>
				<cntvoice>(775) 825-0640</cntvoice>
				<cntfax>(214) 720-6155</cntfax>
				<cntemail>samuel.limerick@eia.doe.gov</cntemail>
				<hours>7am - 4pm Pacific time</hours>
			</cntinfo>
		</ptcontac>
		<secinfo>
			<secclass>Unclassified</secclass>
		</secinfo>
		<native Sync="TRUE">Microsoft Windows XP Version 5.1 (Build 2600) Service Pack 3; ESRI ArcCatalog 9.2.4.1420</native>
		<natvform Sync="TRUE">Shapefile</natvform></idinfo>
	<dataqual>
		<lineage>
			<procstep>
				<proccont>
					<cntinfo>
						<cntperp>
							<cntper>Sam Limerick</cntper>
							<cntorg>Z Inc (EIA)</cntorg>
						</cntperp>
						<cntpos>Geologist/ GIS analyst</cntpos>
						<cntvoice>775-825-0640</cntvoice>
					</cntinfo>
				</proccont>
			</procstep>
			<procstep>
				<procdesc>Metadata imported.</procdesc>
				<srcused>D:\VB_Buffer\Metadata\sep27.xml</srcused>
			</procstep>
			<procstep>
				<procdesc>Metadata imported.</procdesc>
				<srcused>D:\VB_Buffer\Metadata\sep30_1.xml</srcused>
			</procstep>
			<procstep>
				<procdesc>Dataset copied.</procdesc>
				<srcused>\\BYDA\D$\VB_Buffer\Rockies_Feet.mdb</srcused>
			</procstep>
			<procstep>
				<procdesc>Dataset moved.</procdesc>
				<srcused>D:\VB_Buffer\Sep30_GrossOutlines1</srcused>
			</procstep>
			<procstep>
				<procdesc>Dataset copied.</procdesc>
				<srcused>D:\VB_Buffer\Sep30_Nearfinals\Sep30_GrossOutlines1</srcused>
			</procstep>
			<procstep>
				<procdesc>Metadata imported.</procdesc>
				<srcused>D:\MyDocs\EPCA-2\Final_Files\EPCA1_gross.xml</srcused>
			</procstep>
			<procstep>
				<procdesc>Dataset moved.</procdesc>
				<srcused>D:\MyDocs\EPCA-2\Final_Files\WTB_GrossFld</srcused>
			</procstep>
			<procstep>
				<procdesc>Metadata imported.</procdesc>
				<srcused>C:\DOCUME~1\slk\LOCALS~1\Temp\xml9.tmp</srcused>
			</procstep>
			<procstep><procdesc Sync="TRUE">Metadata imported.</procdesc><srcused Sync="TRUE">C:\DOCUME~1\slk\LOCALS~1\Temp\xmlE.tmp</srcused><date Sync="TRUE">20061015</date><time Sync="TRUE">09372600</time></procstep></lineage>
	</dataqual>
	<spdoinfo>
		<direct Sync="TRUE">Vector</direct>
		<ptvctinf>
			<sdtsterm Name="EasternGreatBasin">
				<sdtstype Sync="TRUE">G-polygon</sdtstype>
				<ptvctcnt Sync="TRUE">29</ptvctcnt>
			</sdtsterm>
			<esriterm Name="EasternGreatBasin"><efeatyp Sync="TRUE">Simple</efeatyp><efeageom Sync="TRUE">Polygon</efeageom><esritopo Sync="TRUE">FALSE</esritopo><efeacnt Sync="TRUE">29</efeacnt><spindex Sync="TRUE">TRUE</spindex><linrefer Sync="TRUE">FALSE</linrefer></esriterm></ptvctinf>
	</spdoinfo>
	<spref>
		<horizsys>
			<planar>
				<planci>
					<plance Sync="TRUE">coordinate pair</plance>
					<coordrep>
						<absres Sync="TRUE">0.000000</absres>
						<ordres Sync="TRUE">0.000000</ordres>
					</coordrep>
					<plandu Sync="TRUE">meters</plandu>
				</planci>
				<gridsys><gridsysn Sync="TRUE">Universal Transverse Mercator</gridsysn><utm><utmzone Sync="TRUE">12</utmzone><transmer><sfctrmer Sync="TRUE">0.999600</sfctrmer><longcm Sync="TRUE">-111.000000</longcm><latprjo Sync="TRUE">0.000000</latprjo><feast Sync="TRUE">500000.000000</feast><fnorth Sync="TRUE">0.000000</fnorth></transmer></utm></gridsys></planar>
			<geodetic>
				<horizdn Sync="TRUE">North American Datum of 1927</horizdn>
				<ellips Sync="TRUE">Clarke 1866</ellips>
				<semiaxis Sync="TRUE">6378206.400000</semiaxis>
				<denflat Sync="TRUE">294.978698</denflat>
			</geodetic>
			<cordsysn><geogcsn Sync="TRUE">GCS_North_American_1927</geogcsn><projcsn Sync="TRUE">NAD_1927_UTM_Zone_12N</projcsn></cordsysn></horizsys>
		<vertdef>
			<altsys>
				<altres Sync="TRUE">0.000010</altres>
				<altenc Sync="TRUE">Explicit elevation coordinate included with horizontal coordinates</altenc>
			</altsys>
		</vertdef>
	</spref>
	<eainfo>
		<detailed Name="EasternGreatBasin">
			<enttyp>
				<enttypl Sync="TRUE">EasternGreatBasin</enttypl>
				<enttypt Sync="TRUE">Feature Class</enttypt><enttypc Sync="TRUE">29</enttypc></enttyp>
			<attr>
				<attrlabl>Shape</attrlabl>
				<attrdef>Feature geometry.</attrdef>
				<attrdefs>ESRI</attrdefs>
				<attrdomv>
					<udom>Coordinates defining the features.</udom>
				</attrdomv>
			</attr>
			<attr>
				<attrlabl>field</attrlabl>
				<attrdef>Oil/gas field name</attrdef>
				<attrdefs>EIA field code master list</attrdefs>
				<attrdomv>
					<udom>Sequential unique whole numbers that are automatically generated.</udom>
				</attrdomv>
			</attr>
			<attr>
				<attrlabl>Shape_Area</attrlabl>
				<attrdef>Area of feature in internal units squared.</attrdef>
				<attrdefs>ESRI</attrdefs>
				<attrdomv>
					<edom>
						<edomv>Class for ranges of Federal oil+gas reservesin BOE units (Thousands of barrels of oil equivalent =MBOE)</edomv>
						<edomvd>Class 0=0 MBOE, 1=0-10, 2=10-100, 3=100-1000, 4=1000-10,000, 5= 10,000-100,000, 6= Greater than 100,000</edomvd>
						<edomvds>EIA</edomvds>
					</edom>
				</attrdomv>
				<attrtype Sync="TRUE">String</attrtype><attwidth Sync="TRUE">30</attwidth></attr>
			<attr>
				<attrlabl>FLDCD_DOE</attrlabl>
				<attrdef>DOE field code</attrdef>
				<attrdefs>EIA field code master list</attrdefs>
				<attrdomv>
					<udom>Positive real numbers that are automatically generated.</udom>
				</attrdomv>
				<attrtype Sync="TRUE">Float</attrtype><attwidth Sync="TRUE">19</attwidth><atnumdec Sync="TRUE">11</atnumdec></attr>
			<attr>
				<attrlabl>PctFedLand</attrlabl>
				<attrdef>Fraction of federal land within field outline (federal land area of field/ total field area; range 0-1)</attrdef>
				<attrdefs>EIA</attrdefs>
				<attrtype Sync="TRUE">Float</attrtype><attwidth Sync="TRUE">19</attwidth><atnumdec Sync="TRUE">11</atnumdec></attr>
			<attr>
				<attrlabl>BASIN</attrlabl>
				<attrdef>EPCA-3 Study area or basin</attrdef>
				<attrtype Sync="TRUE">Float</attrtype><attwidth Sync="TRUE">19</attwidth><atnumdec Sync="TRUE">11</atnumdec></attr>
			<attr>
				<attrlabl>STATE</attrlabl>
				<attrdef>USA State</attrdef>
				<attrtype Sync="TRUE">String</attrtype><attwidth Sync="TRUE">23</attwidth></attr>
			<attr>
				<attrlabl>LIQRES_CLA</attrlabl>
				<attrdef>2004 proved liquid reserves class: If liquids reserves (LR) =0 MBL then LIQRES_CL=0; if LR &gt; 0 MBL and LR &lt;/= 10 MBL then LIQRES_CL=1; if LR &gt; 10 MBL and LR &lt;/=  100 MBL then LIQRES_CL=2; if LR &gt; 100 MBL and LR &lt;/= 1000 MBL then LIQRES_CL=3; if LR &gt; 1000 MBL and LR &lt;/= 10,000 MBL then LIQRES_CL=4; if LR &gt; 10,000 MBL and LR &lt;/= 100,000 MBL then LIQRES_CL=5</attrdef>
				<attrdefs>EIA</attrdefs>
				<attrdomv>
					<udom>Positive real numbers that are automatically generated.</udom>
				</attrdomv>
				<attrtype Sync="TRUE">String</attrtype><attwidth Sync="TRUE">7</attwidth></attr>
			<attr><attrlabl Sync="TRUE">FID</attrlabl><attalias Sync="TRUE">FID</attalias><attrtype Sync="TRUE">Float</attrtype><attwidth Sync="TRUE">19</attwidth><attrdef Sync="TRUE">Internal feature number.</attrdef><attrdefs Sync="TRUE">ESRI</attrdefs><attrdomv><udom Sync="TRUE">Sequential unique whole numbers that are automatically generated.</udom></attrdomv><atnumdec Sync="TRUE">11</atnumdec></attr><attr>
				<attrlabl>BOERES_CLA</attrlabl>
				<attrdef>2004 proved BOE reserves class: If BOE reserves (BR) =0 MBOE then OERES_CL=0; if BR &gt; 0 MBOE and BR &lt;/= 10 MBOE then BOERES_CL=1; if BR &gt; 10 MBOE and BR &lt;/=  100 MBOE then BOERES_CL=2; if BR &gt; 100 MBOE and BR &lt;/= 1000 MBOE then BOERES_CL=3; if BR &gt; 1000 MBOE and BR &lt;/= 10,000 MBOE then BOERES_CL=4; if BR &gt; 10,000 MBOE and BR &lt;/= 100,000 MBOE then BOERES_CL=5; if BR &gt; 100,000 MBOE then BOERES_CL=6</attrdef>
				<attrdefs>EIA</attrdefs>
				<attrdomv>
					<edom>
					</edom>
				</attrdomv>
				<attrtype Sync="TRUE">Float</attrtype><attwidth Sync="TRUE">19</attwidth><atnumdec Sync="TRUE">11</atnumdec></attr>
			<attr>
				<attrlabl>GASRES_CLA</attrlabl>
				<attrdef>2004 proved gas reserve class: If gas reserves(GR) =0 MMCFG then GASRES_CL=0; if GR &gt; 0 MMCFG and GR &lt;/= 10 MMCFG then GASRES_CL=1; if GR &gt; 10 MMCFG and GR &lt;/= 100 MMCFG then GASRES_CL=2; if GR &gt; 100 MMCFG and GR &lt;/= 1000 MMCFG then GASRES_CL=3; if GR &gt; 1000 MMCFG and GR &lt;/= 10,000 MMCFG then GASRES_CL=4; if GR &gt; 10,000 MMCFG and GR &lt;/= 100,000 MMCFG then GASRES_CL=5; if GR &gt; 100,000 MMCFG then GASRES_CL=6</attrdef>
				<attrdefs>EIA</attrdefs>
				<attrdomv>
					<edom>
					</edom>
				</attrdomv>
				<attrtype Sync="TRUE">Float</attrtype><attwidth Sync="TRUE">19</attwidth><atnumdec Sync="TRUE">11</atnumdec></attr>
			<attr><attrlabl Sync="TRUE">FRC_INBASI</attrlabl><attalias Sync="TRUE">FRC_INBASI</attalias><attrtype Sync="TRUE">Float</attrtype><attwidth Sync="TRUE">19</attwidth><atnumdec Sync="TRUE">11</atnumdec></attr><attr><attrlabl Sync="TRUE">Shape_Leng</attrlabl><attalias Sync="TRUE">Shape_Leng</attalias><attrtype Sync="TRUE">Float</attrtype><attwidth Sync="TRUE">19</attwidth><atnumdec Sync="TRUE">11</atnumdec></attr></detailed>
	</eainfo>
	<distinfo>
		<resdesc>Downloadable Data</resdesc>
		<stdorder>
			<digform>
				<digtinfo>
					<transize>5.511</transize>
					<dssize Sync="TRUE">0.025</dssize></digtinfo>
			</digform>
		</stdorder>
	</distinfo>
	<metainfo>
		<metd Sync="TRUE">20080610</metd>
		<metc>
			<cntinfo>
				<cntorgp>
					<cntorg>Z, Inc. (Energy Information Administration)</cntorg>
					<cntper>Sam Limerick</cntper>
				</cntorgp>
				<cntpos>Geologist / GIS Analyst</cntpos>
				<cntaddr>
					<addrtype>mailing address</addrtype>
					<address>1999 Bryan St., Ste 1110</address>
					<city>Dallas</city>
					<state>TX</state>
					<postal>75201</postal>
					<country>USA</country>
				</cntaddr>
				<cntvoice>775-825-0640</cntvoice>
				<cntemail>samuel.limerick@eia.doe.gov</cntemail>
				<hours>7 AM - 4 PM Pacific time</hours>
			</cntinfo>
		</metc>
		<metstdn Sync="TRUE">FGDC Content Standards for Digital Geospatial Metadata</metstdn>
		<metstdv Sync="TRUE">FGDC-STD-001-1998</metstdv>
		<mettc Sync="TRUE">local time</mettc>
		<metextns>
			<onlink>http://www.esri.com/metadata/esriprof80.html</onlink>
			<metprof>ESRI Metadata Profile</metprof>
		</metextns>
		<metextns>
			<onlink>http://www.esri.com/metadata/esriprof80.html</onlink>
			<metprof>ESRI Metadata Profile</metprof>
		</metextns>
		<metextns>
			<onlink>http://www.esri.com/metadata/esriprof80.html</onlink>
			<metprof>ESRI Metadata Profile</metprof>
		</metextns>
		<metextns>
			<onlink>http://www.esri.com/metadata/esriprof80.html</onlink>
			<metprof>ESRI Metadata Profile</metprof>
		</metextns>
		<metextns>
			<onlink>http://www.esri.com/metadata/esriprof80.html</onlink>
			<metprof>ESRI Metadata Profile</metprof>
		</metextns>
		<langmeta Sync="TRUE">en</langmeta><metextns><onlink Sync="TRUE">http://www.esri.com/metadata/esriprof80.html</onlink><metprof Sync="TRUE">ESRI Metadata Profile</metprof></metextns></metainfo>
	<Esri><MetaID>{0C3C5C23-44C2-4BBC-ABE6-35A7AD9DC394}</MetaID><CreaDate>20061015</CreaDate><CreaTime>09372600</CreaTime><SyncOnce>FALSE</SyncOnce><SyncDate>20080610</SyncDate><SyncTime>16404300</SyncTime><ModDate>20080610</ModDate><ModTime>16404300</ModTime><DataProperties><lineage><Process Name="FeatureClassToFeatureClass_4" ToolSource="C:\Program Files\ArcGIS\ArcToolbox\Toolboxes\Conversion Tools.tbx\FeatureClassToFeatureClass" Date="20080610" Time="162749">FeatureClassToFeatureClass C:\MyDocs\EPCA-3\Turn-Ins\EPCA-3_Finals.mdb\EGreatBasin_Gross C:\MyDocs\EPCA-3\Maps_for_website\shps_for_website EasternGreatBasin.shp # "field field true true false 30 Text 0 0 ,First,#,C:\MyDocs\EPCA-3\Turn-Ins\EPCA-3_Finals.mdb\EGreatBasin_Gross,field,-1,-1;FLDCD_DOE FLDCD_DOE true true false 8 Double 0 0 ,First,#,C:\MyDocs\EPCA-3\Turn-Ins\EPCA-3_Finals.mdb\EGreatBasin_Gross,FLDCD_DOE,-1,-1;PctFedLand PctFedLand true true false 8 Double 0 0 ,First,#,C:\MyDocs\EPCA-3\Turn-Ins\EPCA-3_Finals.mdb\EGreatBasin_Gross,PctFedLand,-1,-1;FRC_INBASI FRC_INBASI true true false 8 Double 0 0 ,First,#,C:\MyDocs\EPCA-3\Turn-Ins\EPCA-3_Finals.mdb\EGreatBasin_Gross,FRC_INBASIN,-1,-1;BASIN BASIN true true false 23 Text 0 0 ,First,#,C:\MyDocs\EPCA-3\Turn-Ins\EPCA-3_Finals.mdb\EGreatBasin_Gross,BASIN,-1,-1;STATE STATE true true false 7 Text 0 0 ,First,#,C:\MyDocs\EPCA-3\Turn-Ins\EPCA-3_Finals.mdb\EGreatBasin_Gross,STATE,-1,-1;LIQRES_CLA LIQRES_CLA true true false 8 Double 0 0 ,First,#,C:\MyDocs\EPCA-3\Turn-Ins\EPCA-3_Finals.mdb\EGreatBasin_Gross,LIQRES_CLA,-1,-1;GASRES_CLA GASRES_CLA true true false 8 Double 0 0 ,First,#,C:\MyDocs\EPCA-3\Turn-Ins\EPCA-3_Finals.mdb\EGreatBasin_Gross,GASRES_CLA,-1,-1;BOERES_CLA BOERES_CLA true true false 8 Double 0 0 ,First,#,C:\MyDocs\EPCA-3\Turn-Ins\EPCA-3_Finals.mdb\EGreatBasin_Gross,BOERES_CLA,-1,-1;Shape_Leng Shape_Length false true true 8 Double 0 0 ,First,#,C:\MyDocs\EPCA-3\Turn-Ins\EPCA-3_Finals.mdb\EGreatBasin_Gross,Shape_Length,-1,-1;Shape_Area Shape_Area false true true 8 Double 0 0 ,First,#,C:\MyDocs\EPCA-3\Turn-Ins\EPCA-3_Finals.mdb\EGreatBasin_Gross,Shape_Area,-1,-1" # C:\MyDocs\EPCA-3\Maps_for_website\shps_for_website\EasternGreatBasin.shp</Process></lineage></DataProperties></Esri><dataIdInfo><envirDesc Sync="TRUE">Microsoft Windows XP Version 5.1 (Build 2600) Service Pack 3; ESRI ArcCatalog 9.2.4.1420</envirDesc><dataLang><languageCode Sync="TRUE" value="en"></languageCode></dataLang><idCitation><resTitle Sync="TRUE">EasternGreatBasin</resTitle><presForm><PresFormCd Sync="TRUE" value="005"></PresFormCd></presForm></idCitation><spatRpType><SpatRepTypCd Sync="TRUE" value="001"></SpatRepTypCd></spatRpType><dataExt><geoEle><GeoBndBox esriExtentType="native"><westBL Sync="TRUE">60537.721427</westBL><eastBL Sync="TRUE">453179.710318</eastBL><northBL Sync="TRUE">4644152.922593</northBL><southBL Sync="TRUE">4135123.386917</southBL><exTypeCode Sync="TRUE">1</exTypeCode></GeoBndBox></geoEle></dataExt><geoBox esriExtentType="decdegrees"><westBL Sync="TRUE">-116.291274</westBL><eastBL Sync="TRUE">-111.528725</eastBL><northBL Sync="TRUE">41.949886</northBL><southBL Sync="TRUE">37.260827</southBL><exTypeCode Sync="TRUE">1</exTypeCode></geoBox></dataIdInfo><mdLang><languageCode Sync="TRUE" value="en"></languageCode></mdLang><mdStanName Sync="TRUE">ISO 19115 Geographic Information - Metadata</mdStanName><mdStanVer Sync="TRUE">DIS_ESRI1.0</mdStanVer><mdChar><CharSetCd Sync="TRUE" value="004"></CharSetCd></mdChar><mdHrLv><ScopeCd Sync="TRUE" value="005"></ScopeCd></mdHrLv><mdHrLvName Sync="TRUE">dataset</mdHrLvName><distInfo><distributor><distorTran><onLineSrc><orDesc Sync="TRUE">002</orDesc><linkage Sync="TRUE">file://\\BZQA\MyDocs\EPCA-3\Maps_for_website\shps_for_website\EasternGreatBasin.shp</linkage><protocol Sync="TRUE">Local Area Network</protocol></onLineSrc><transSize Sync="TRUE">0.025</transSize></distorTran><distorFormat><formatName Sync="TRUE">Shapefile</formatName></distorFormat></distributor></distInfo><refSysInfo><RefSystem><refSysID><identCode Sync="TRUE">NAD_1927_UTM_Zone_12N</identCode></refSysID></RefSystem></refSysInfo><spatRepInfo><VectSpatRep><topLvl><TopoLevCd Sync="TRUE" value="001"></TopoLevCd></topLvl><geometObjs Name="EasternGreatBasin"><geoObjTyp><GeoObjTypCd Sync="TRUE" value="001"></GeoObjTypCd></geoObjTyp><geoObjCnt Sync="TRUE">29</geoObjCnt></geometObjs></VectSpatRep></spatRepInfo><mdDateSt Sync="TRUE">20080610</mdDateSt></metadata>
