Key Indicators,2016-April,% Change from Same month 2015
Total Net Generation (Thousand MWh),293317,-0.30%
Residential Retail Price (cents/Kwh),12.43,-1.70%
Retail Sales (Thousand MwH),266376,-2.30%
Heating Degree-Days,317,5.30%
"Natural Gas Price, Henry Hub ($/mmBtu)",1.96,-26.60%
Coal Stocks (1000 tons),196163,17.00%
Coal Consumption (1000 tons),39064,-19.50%
Natural Gas Consumption (Mcf),757330,9.10%
Nuclear Net Generation (Thousand MWh),62365,4.40%
Nuclear Outages (MW),13588,-20.50%
